ID,PopBio_units,Time^3,Time^2,Time,constant,R-square,AIC
"Acinetobacter.clacoaceticus..RDA.R._15_TSB_Bae, Y.M., Zheng, L., Hyun, J.E., Jung, K.S., Heu, S. and Lee, S.Y., 2014. Growth characteristics and biofilm formation of various spoilage bacteria isolated from fresh produce. Journal of food science, 79(10), pp.M2072-M2080.",OD_595,9.063241790893724e-08,-8.042744293919239e-05,0.019675050513558574,-3.233701971150466,0.7271469595691116,-159.2089375137834
"Acinetobacter.clacoaceticus..RDA.R._25_TSB_Bae, Y.M., Zheng, L., Hyun, J.E., Jung, K.S., Heu, S. and Lee, S.Y., 2014. Growth characteristics and biofilm formation of various spoilage bacteria isolated from fresh produce. Journal of food science, 79(10), pp.M2072-M2080.",OD_595,4.127176617386194e-06,-0.0011402211899030176,0.08628699333514965,-3.6603509204957665,0.7557202183033174,-102.22944637611546
"Acinetobacter.clacoaceticus..RDA.R._35_TSB_Bae, Y.M., Zheng, L., Hyun, J.E., Jung, K.S., Heu, S. and Lee, S.Y., 2014. Growth characteristics and biofilm formation of various spoilage bacteria isolated from fresh produce. Journal of food science, 79(10), pp.M2072-M2080.",OD_595,5.5849959157594485e-06,-0.0014142363512322043,0.09638399272954407,-3.5516296067600144,0.3535802673809729,-96.31082193976229
"Acinetobacter.clacoaceticus..RDA.R._5_TSB_Bae, Y.M., Zheng, L., Hyun, J.E., Jung, K.S., Heu, S. and Lee, S.Y., 2014. Growth characteristics and biofilm formation of various spoilage bacteria isolated from fresh produce. Journal of food science, 79(10), pp.M2072-M2080.",OD_595,3.1403444620622303e-09,-6.502165424345786e-06,0.004292552853352529,-3.9811857209956405,0.8951371158670804,-319.6476931881704
"Acinetobacter.clacoaceticus.1_15_TSB_Bae, Y.M., Zheng, L., Hyun, J.E., Jung, K.S., Heu, S. and Lee, S.Y., 2014. Growth characteristics and biofilm formation of various spoilage bacteria isolated from fresh produce. Journal of food science, 79(10), pp.M2072-M2080.",OD_595,5.452171818806304e-08,-4.914308226975852e-05,0.012473441517534567,-2.383857294483027,0.4896573997426641,-140.79382816185995
"Acinetobacter.clacoaceticus.1_25_TSB_Bae, Y.M., Zheng, L., Hyun, J.E., Jung, K.S., Heu, S. and Lee, S.Y., 2014. Growth characteristics and biofilm formation of various spoilage bacteria isolated from fresh produce. Journal of food science, 79(10), pp.M2072-M2080.",OD_595,4.638089954452663e-06,-0.0012802198922945841,0.09350546567209123,-3.3281014780225564,0.7249705504331234,-82.24279846208881
"Acinetobacter.clacoaceticus.1_35_TSB_Bae, Y.M., Zheng, L., Hyun, J.E., Jung, K.S., Heu, S. and Lee, S.Y., 2014. Growth characteristics and biofilm formation of various spoilage bacteria isolated from fresh produce. Journal of food science, 79(10), pp.M2072-M2080.",OD_595,6.483698044348839e-06,-0.0016142822213248715,0.11569953878567191,-3.1156932822449517,0.515846702933531,-66.27634847106384
"Acinetobacter.clacoaceticus.1_5_TSB_Bae, Y.M., Zheng, L., Hyun, J.E., Jung, K.S., Heu, S. and Lee, S.Y., 2014. Growth characteristics and biofilm formation of various spoilage bacteria isolated from fresh produce. Journal of food science, 79(10), pp.M2072-M2080.",OD_595,1.3361164085303476e-08,-2.100201006335219e-05,0.010855974307184218,-3.9879298045907707,0.979526412314748,-295.2309361204895
"Acinetobacter.clacoaceticus.2_15_TSB_Bae, Y.M., Zheng, L., Hyun, J.E., Jung, K.S., Heu, S. and Lee, S.Y., 2014. Growth characteristics and biofilm formation of various spoilage bacteria isolated from fresh produce. Journal of food science, 79(10), pp.M2072-M2080.",OD_595,1.7344759522972083e-07,-0.00014636787095702886,0.033812844247902964,-3.71696007222853,0.5920187916903618,-154.21786412870756
"Acinetobacter.clacoaceticus.2_25_TSB_Bae, Y.M., Zheng, L., Hyun, J.E., Jung, K.S., Heu, S. and Lee, S.Y., 2014. Growth characteristics and biofilm formation of various spoilage bacteria isolated from fresh produce. Journal of food science, 79(10), pp.M2072-M2080.",OD_595,5.303331741866529e-06,-0.001524316806459995,0.11639339809446986,-3.636699881207874,0.611880386113707,-69.86887284253812
"Acinetobacter.clacoaceticus.2_35_TSB_Bae, Y.M., Zheng, L., Hyun, J.E., Jung, K.S., Heu, S. and Lee, S.Y., 2014. Growth characteristics and biofilm formation of various spoilage bacteria isolated from fresh produce. Journal of food science, 79(10), pp.M2072-M2080.",OD_595,7.126533599297248e-06,-0.0019506528768909507,0.13933914484313686,-3.353089933005499,0.1558359457899573,-61.92098072306264
"Acinetobacter.clacoaceticus.2_5_TSB_Bae, Y.M., Zheng, L., Hyun, J.E., Jung, K.S., Heu, S. and Lee, S.Y., 2014. Growth characteristics and biofilm formation of various spoilage bacteria isolated from fresh produce. Journal of food science, 79(10), pp.M2072-M2080.",OD_595,2.15151185917834e-08,-3.09927549996302e-05,0.014484999007402743,-4.469636334604743,0.9575988340300535,-279.6447600578153
"Aerobic Mesophilic._10_Cooked Chicken Breast_Galarz, L.A., Fonseca, G.G. and Prentice, C., 2016. Predicting bacterial growth in raw, salted, and cooked chicken breast fillets during storage. Food Science and Technology International, 22(6), pp.461-474.",OD_595,-4.152929306247268e-06,0.0010242470950026694,-0.0029837671056274226,-0.45552937332792554,0.8062508195233185,144.81294139293283
"Aerobic Mesophilic._10_Raw Chicken Breast_Galarz, L.A., Fonseca, G.G. and Prentice, C., 2016. Predicting bacterial growth in raw, salted, and cooked chicken breast fillets during storage. Food Science and Technology International, 22(6), pp.461-474.",OD_595,-7.408851737506533e-06,0.0018497069005403185,-0.06750540134863832,0.4762494222645315,0.7554721682910974,106.78042359607782
"Aerobic Mesophilic._10_Salted Chicken Breast_Galarz, L.A., Fonseca, G.G. and Prentice, C., 2016. Predicting bacterial growth in raw, salted, and cooked chicken breast fillets during storage. Food Science and Technology International, 22(6), pp.461-474.",OD_595,-2.0047545544624236e-06,0.0002990875577884315,0.05519036166984147,-1.9554382877446943,0.8966883946182153,102.00228467463495
"Aerobic Mesophilic._15_Cooked Chicken Breast_Galarz, L.A., Fonseca, G.G. and Prentice, C., 2016. Predicting bacterial growth in raw, salted, and cooked chicken breast fillets during storage. Food Science and Technology International, 22(6), pp.461-474.",OD_595,-2.2027009366427604e-05,0.0033146110717131305,-0.03005747691592077,0.28686935118810436,0.9484929272282928,110.35621849766405
"Aerobic Mesophilic._15_Raw Chicken Breast_Galarz, L.A., Fonseca, G.G. and Prentice, C., 2016. Predicting bacterial growth in raw, salted, and cooked chicken breast fillets during storage. Food Science and Technology International, 22(6), pp.461-474.",OD_595,-1.6409221891913208e-05,0.0018702796100365643,0.06558034304438906,-1.6126764537297795,0.874689663368415,100.48064449111672
"Aerobic Mesophilic._15_Salted Chicken Breast_Galarz, L.A., Fonseca, G.G. and Prentice, C., 2016. Predicting bacterial growth in raw, salted, and cooked chicken breast fillets during storage. Food Science and Technology International, 22(6), pp.461-474.",OD_595,-1.4181025832442834e-05,0.0020209503116717753,0.01136425871044787,-0.922774072678993,0.963451055576323,64.02429185181416
"Aerobic Mesophilic._20_Cooked Chicken Breast_Galarz, L.A., Fonseca, G.G. and Prentice, C., 2016. Predicting bacterial growth in raw, salted, and cooked chicken breast fillets during storage. Food Science and Technology International, 22(6), pp.461-474.",OD_595,-0.0002032282721130783,0.016609252714482273,-0.19365439385151056,0.8617718537067256,0.9961783691231876,78.11875572563834
"Aerobic Mesophilic._20_Raw Chicken Breast_Galarz, L.A., Fonseca, G.G. and Prentice, C., 2016. Predicting bacterial growth in raw, salted, and cooked chicken breast fillets during storage. Food Science and Technology International, 22(6), pp.461-474.",OD_595,-0.00016276467487836565,0.012074530053179794,-0.07667320647167074,0.011613553368307153,0.9919406950236741,52.047026824440756
"Aerobic Mesophilic._20_Salted Chicken Breast_Galarz, L.A., Fonseca, G.G. and Prentice, C., 2016. Predicting bacterial growth in raw, salted, and cooked chicken breast fillets during storage. Food Science and Technology International, 22(6), pp.461-474.",OD_595,-0.00020898425696721354,0.017526643857710418,-0.25285330183804305,0.8978890285573168,0.9972299497301662,40.90751572935123
"Aerobic Mesophilic._2_Cooked Chicken Breast_Galarz, L.A., Fonseca, G.G. and Prentice, C., 2016. Predicting bacterial growth in raw, salted, and cooked chicken breast fillets during storage. Food Science and Technology International, 22(6), pp.461-474.",OD_595,-1.8366550788955033e-07,0.00015800391111709983,-0.021617634639861712,0.9714541477287829,0.9860691047442736,70.41217937118
"Aerobic Mesophilic._2_Raw Chicken Breast_Galarz, L.A., Fonseca, G.G. and Prentice, C., 2016. Predicting bacterial growth in raw, salted, and cooked chicken breast fillets during storage. Food Science and Technology International, 22(6), pp.461-474.",OD_595,-1.5867449509563418e-07,0.0001347583051418497,-0.01651843413505211,0.5522543788177129,0.9764755088372564,68.84578226329961
"Aerobic Mesophilic._2_Salted Chicken Breast_Galarz, L.A., Fonseca, G.G. and Prentice, C., 2016. Predicting bacterial growth in raw, salted, and cooked chicken breast fillets during storage. Food Science and Technology International, 22(6), pp.461-474.",OD_595,-1.5074022548639997e-07,0.0001334459539944676,-0.01842796107100854,0.8954339300642351,0.987540905229873,64.60176814906546
"Aerobic Mesophilic._4_Cooked Chicken Breast_Galarz, L.A., Fonseca, G.G. and Prentice, C., 2016. Predicting bacterial growth in raw, salted, and cooked chicken breast fillets during storage. Food Science and Technology International, 22(6), pp.461-474.",OD_595,-4.436296799045193e-07,0.00036625891127596246,-0.061093905363604276,2.951931055428405,0.9402069276468471,91.24533674092137
"Aerobic Mesophilic._4_Raw Chicken Breast_Galarz, L.A., Fonseca, G.G. and Prentice, C., 2016. Predicting bacterial growth in raw, salted, and cooked chicken breast fillets during storage. Food Science and Technology International, 22(6), pp.461-474.",OD_595,-2.546041445796548e-07,0.00019171622025905007,-0.022235447021827198,0.8099170975187934,0.8865286001098751,66.00411612195488
"Aerobic Mesophilic._4_Salted Chicken Breast_Galarz, L.A., Fonseca, G.G. and Prentice, C., 2016. Predicting bacterial growth in raw, salted, and cooked chicken breast fillets during storage. Food Science and Technology International, 22(6), pp.461-474.",OD_595,-2.3118772572272102e-07,0.00017490053465037955,-0.017879350138910705,0.8982633220835378,0.8131366932014565,80.22634967611705
"Aerobic Mesophilic._7_Cooked Chicken Breast_Galarz, L.A., Fonseca, G.G. and Prentice, C., 2016. Predicting bacterial growth in raw, salted, and cooked chicken breast fillets during storage. Food Science and Technology International, 22(6), pp.461-474.",OD_595,-1.42905999608593e-06,0.0007291213180786139,-0.06519448350367751,1.3446203676291886,0.8781640834546444,159.40170547080635
"Aerobic Mesophilic._7_Raw Chicken Breast_Galarz, L.A., Fonseca, G.G. and Prentice, C., 2016. Predicting bacterial growth in raw, salted, and cooked chicken breast fillets during storage. Food Science and Technology International, 22(6), pp.461-474.",OD_595,-1.0310788894521364e-06,0.0004633956106512987,-0.02255136462515057,0.2774373307710283,0.8910909030799384,164.77696364668
"Aerobic Mesophilic._7_Salted Chicken Breast_Galarz, L.A., Fonseca, G.G. and Prentice, C., 2016. Predicting bacterial growth in raw, salted, and cooked chicken breast fillets during storage. Food Science and Technology International, 22(6), pp.461-474.",OD_595,-7.227180053992448e-07,0.00037646908680198665,-0.024592507921717015,0.5139378498368246,0.9690678084637921,131.73664830907785
"Aerobic Psychotropic._10_Cooked Chicken Breast_Galarz, L.A., Fonseca, G.G. and Prentice, C., 2016. Predicting bacterial growth in raw, salted, and cooked chicken breast fillets during storage. Food Science and Technology International, 22(6), pp.461-474.",OD_595,-1.6852988122638714e-06,0.0003906695429632399,0.028617699647282672,-0.8184541670398636,0.7669440094310954,133.8456746281757
"Aerobic Psychotropic._10_Raw Chicken Breast_Galarz, L.A., Fonseca, G.G. and Prentice, C., 2016. Predicting bacterial growth in raw, salted, and cooked chicken breast fillets during storage. Food Science and Technology International, 22(6), pp.461-474.",OD_595,-3.040996848377297e-06,0.000739647434563808,0.0034820721029914475,-0.8077535771672145,0.7841003086465548,109.8119125071212
"Aerobic Psychotropic._10_Salted Chicken Breast_Galarz, L.A., Fonseca, G.G. and Prentice, C., 2016. Predicting bacterial growth in raw, salted, and cooked chicken breast fillets during storage. Food Science and Technology International, 22(6), pp.461-474.",OD_595,-1.850945329757202e-06,0.00043396332445784025,0.02053221335163719,-0.49196431962408027,0.8931185088459122,109.88566792148723
"Aerobic Psychotropic._15_Cooked Chicken Breast_Galarz, L.A., Fonseca, G.G. and Prentice, C., 2016. Predicting bacterial growth in raw, salted, and cooked chicken breast fillets during storage. Food Science and Technology International, 22(6), pp.461-474.",OD_595,-1.1990280757519001e-05,0.0019540334636498663,-0.00013128892338506328,-0.3030161077233071,0.9820990555347691,84.10297904963392
"Aerobic Psychotropic._15_Raw Chicken Breast_Galarz, L.A., Fonseca, G.G. and Prentice, C., 2016. Predicting bacterial growth in raw, salted, and cooked chicken breast fillets during storage. Food Science and Technology International, 22(6), pp.461-474.",OD_595,-2.5531117514964604e-05,0.003941060434112223,-0.07074076507664871,0.6578300413815745,0.9961977931389935,78.8561211415872
"Aerobic Psychotropic._15_Salted Chicken Breast_Galarz, L.A., Fonseca, G.G. and Prentice, C., 2016. Predicting bacterial growth in raw, salted, and cooked chicken breast fillets during storage. Food Science and Technology International, 22(6), pp.461-474.",OD_595,-8.955444875181256e-06,0.001264051910150694,0.027316368155236265,-0.5700687412239157,0.973615916038635,60.29069353709141
"Aerobic Psychotropic._20_Cooked Chicken Breast_Galarz, L.A., Fonseca, G.G. and Prentice, C., 2016. Predicting bacterial growth in raw, salted, and cooked chicken breast fillets during storage. Food Science and Technology International, 22(6), pp.461-474.",OD_595,-0.00010164109763092698,0.009824609158517204,-0.13664702924256364,0.8783965839587561,0.9447314154362655,75.6578544019022
"Aerobic Psychotropic._20_Raw Chicken Breast_Galarz, L.A., Fonseca, G.G. and Prentice, C., 2016. Predicting bacterial growth in raw, salted, and cooked chicken breast fillets during storage. Food Science and Technology International, 22(6), pp.461-474.",OD_595,-0.00022390316174370856,0.01892023795777307,-0.29673586442871797,1.7795643669183825,0.9397871460813906,71.8805710266834
"Aerobic Psychotropic._20_Salted Chicken Breast_Galarz, L.A., Fonseca, G.G. and Prentice, C., 2016. Predicting bacterial growth in raw, salted, and cooked chicken breast fillets during storage. Food Science and Technology International, 22(6), pp.461-474.",OD_595,-8.364372610740729e-05,0.006371448480195347,0.046213144898335536,-2.256421026714771,0.9612802485684305,44.97930927270468
"Aerobic Psychotropic._2_Cooked Chicken Breast_Galarz, L.A., Fonseca, G.G. and Prentice, C., 2016. Predicting bacterial growth in raw, salted, and cooked chicken breast fillets during storage. Food Science and Technology International, 22(6), pp.461-474.",OD_595,-1.621993776846207e-07,0.00015774551612581948,-0.025089011550454166,0.8063959492121479,0.8623648909195125,108.40674957803907
"Aerobic Psychotropic._2_Raw Chicken Breast_Galarz, L.A., Fonseca, G.G. and Prentice, C., 2016. Predicting bacterial growth in raw, salted, and cooked chicken breast fillets during storage. Food Science and Technology International, 22(6), pp.461-474.",OD_595,-1.3874562345638725e-07,0.00011087257296788056,-0.007551833016110218,0.04098871489222424,0.9641966572357449,82.89058162405493
"Aerobic Psychotropic._2_Salted Chicken Breast_Galarz, L.A., Fonseca, G.G. and Prentice, C., 2016. Predicting bacterial growth in raw, salted, and cooked chicken breast fillets during storage. Food Science and Technology International, 22(6), pp.461-474.",OD_595,-7.97954156213183e-08,5.514067372674025e-05,0.005867658495743617,-0.6263421941497335,0.8412785376814547,87.53255632005633
"Aerobic Psychotropic._4_Cooked Chicken Breast_Galarz, L.A., Fonseca, G.G. and Prentice, C., 2016. Predicting bacterial growth in raw, salted, and cooked chicken breast fillets during storage. Food Science and Technology International, 22(6), pp.461-474.",OD_595,-2.3837969416309627e-07,0.00021309968095467631,-0.033910523564370555,1.5652508765842885,0.9889850398119014,74.42776094761601
"Aerobic Psychotropic._4_Raw Chicken Breast_Galarz, L.A., Fonseca, G.G. and Prentice, C., 2016. Predicting bacterial growth in raw, salted, and cooked chicken breast fillets during storage. Food Science and Technology International, 22(6), pp.461-474.",OD_595,-1.2445237057934814e-07,6.160878960710744e-05,0.017639133916325603,-1.805377641487382,0.9908806998218203,54.55096165381762
"Aerobic Psychotropic._4_Salted Chicken Breast_Galarz, L.A., Fonseca, G.G. and Prentice, C., 2016. Predicting bacterial growth in raw, salted, and cooked chicken breast fillets during storage. Food Science and Technology International, 22(6), pp.461-474.",OD_595,-5.6509872358525144e-08,6.984571720680887e-06,0.029931993197811372,-3.3379143595117755,0.9445993081015446,55.04859070784485
"Aerobic Psychotropic._7_Cooked Chicken Breast_Galarz, L.A., Fonseca, G.G. and Prentice, C., 2016. Predicting bacterial growth in raw, salted, and cooked chicken breast fillets during storage. Food Science and Technology International, 22(6), pp.461-474.",OD_595,-8.732105066553773e-07,0.0004496215814273329,-0.032487916232878604,0.3309379956092137,0.8552475693811148,145.68869504902625
"Aerobic Psychotropic._7_Raw Chicken Breast_Galarz, L.A., Fonseca, G.G. and Prentice, C., 2016. Predicting bacterial growth in raw, salted, and cooked chicken breast fillets during storage. Food Science and Technology International, 22(6), pp.461-474.",OD_595,-9.673263263740326e-07,0.00042970137057600483,-0.019259115124432163,0.14662077271697554,0.7110838965904773,161.0681973554533
"Aerobic Psychotropic._7_Salted Chicken Breast_Galarz, L.A., Fonseca, G.G. and Prentice, C., 2016. Predicting bacterial growth in raw, salted, and cooked chicken breast fillets during storage. Food Science and Technology International, 22(6), pp.461-474.",OD_595,-4.870840850453248e-07,0.00024569732459347966,-0.008789684765764383,0.40751963451528966,0.9224618864823038,134.6592763457088
"Arthrobacter aurescens_0_TGE agar_Roth, N.G. and Wheaton, R.B., 1962. Continuity of psychrophilic and mesophilic growth characteristics in the genus Arthrobacter. Journal of bacteriology, 83(3), pp.551-555.",OD_595,-3.1406252265315724e-08,4.994151257217509e-05,-0.011638245736922527,1.5193020718229755,0.9518586571946562,94.88415300240015
"Arthrobacter aurescens_20_TGE agar_Roth, N.G. and Wheaton, R.B., 1962. Continuity of psychrophilic and mesophilic growth characteristics in the genus Arthrobacter. Journal of bacteriology, 83(3), pp.551-555.",OD_595,1.1775867168425948e-06,-0.0006376214935712932,0.10610625890005168,0.46553700584294794,0.9257280428075662,61.78002541777241
"Arthrobacter aurescens_37_TGE agar_Roth, N.G. and Wheaton, R.B., 1962. Continuity of psychrophilic and mesophilic growth characteristics in the genus Arthrobacter. Journal of bacteriology, 83(3), pp.551-555.",OD_595,-1.075912175735767e-06,0.0003501993808211591,-0.012772820646713177,1.0554549994126488,0.9746086270762905,24.782004246333297
"Arthrobacter aurescens_7_TGE agar_Roth, N.G. and Wheaton, R.B., 1962. Continuity of psychrophilic and mesophilic growth characteristics in the genus Arthrobacter. Journal of bacteriology, 83(3), pp.551-555.",OD_595,2.1543849344468808e-07,-0.00019684368335098958,0.05852252712341163,0.793812009258567,0.9763839038794703,86.95548210782425
"Arthrobacter citreus_0_TGE agar_Roth, N.G. and Wheaton, R.B., 1962. Continuity of psychrophilic and mesophilic growth characteristics in the genus Arthrobacter. Journal of bacteriology, 83(3), pp.551-555.",OD_595,1.0216166910999333e-07,-2.583454930618534e-05,0.00017751822228575414,1.0926652512417523,0.6224646508393439,83.30061241304422
"Arthrobacter citreus_20_TGE agar_Roth, N.G. and Wheaton, R.B., 1962. Continuity of psychrophilic and mesophilic growth characteristics in the genus Arthrobacter. Journal of bacteriology, 83(3), pp.551-555.",OD_595,7.883922849387163e-07,-0.00044541498951653646,0.08501555258294,0.7666241946734574,0.9949302302902476,52.65728101862957
"Arthrobacter citreus_30_TGE agar_Roth, N.G. and Wheaton, R.B., 1962. Continuity of psychrophilic and mesophilic growth characteristics in the genus Arthrobacter. Journal of bacteriology, 83(3), pp.551-555.",OD_595,1.7347706292395606e-06,-0.0007441700713226955,0.10490548808376347,0.4059260871423896,0.9650986837150002,56.63710078423094
"Arthrobacter citreus_37_TGE agar_Roth, N.G. and Wheaton, R.B., 1962. Continuity of psychrophilic and mesophilic growth characteristics in the genus Arthrobacter. Journal of bacteriology, 83(3), pp.551-555.",OD_595,2.0192591804720358e-07,-0.00025595123940764104,0.0733705336618916,0.1992853397761166,0.8257387743103607,88.56990184784081
"Arthrobacter citreus_7_TGE agar_Roth, N.G. and Wheaton, R.B., 1962. Continuity of psychrophilic and mesophilic growth characteristics in the genus Arthrobacter. Journal of bacteriology, 83(3), pp.551-555.",OD_595,-3.8801524471053466e-07,0.00016090663508299457,0.002856378474502969,0.6974539816374321,0.6201053934227837,86.19157786560008
"Arthrobacter globiformis_0_TGE agar_Roth, N.G. and Wheaton, R.B., 1962. Continuity of psychrophilic and mesophilic growth characteristics in the genus Arthrobacter. Journal of bacteriology, 83(3), pp.551-555.",OD_595,-5.629606386531784e-11,7.48325909939746e-08,-2.4899068167950366e-05,1.0096214632932625,0.05928697468873967,-172.06284822752397
"Arthrobacter globiformis_20_TGE agar_Roth, N.G. and Wheaton, R.B., 1962. Continuity of psychrophilic and mesophilic growth characteristics in the genus Arthrobacter. Journal of bacteriology, 83(3), pp.551-555.",OD_595,1.1198075863312158e-06,-0.0005418826132720805,0.08356630920206284,0.7576978660256012,0.9465576044164701,48.05180025351005
"Arthrobacter globiformis_30_TGE agar_Roth, N.G. and Wheaton, R.B., 1962. Continuity of psychrophilic and mesophilic growth characteristics in the genus Arthrobacter. Journal of bacteriology, 83(3), pp.551-555.",OD_595,1.1038430727541288e-06,-0.000534782811051199,0.0824264387990111,1.2056100254924242,0.937987746944865,54.375124260694164
"Arthrobacter globiformis_37_TGE agar_Roth, N.G. and Wheaton, R.B., 1962. Continuity of psychrophilic and mesophilic growth characteristics in the genus Arthrobacter. Journal of bacteriology, 83(3), pp.551-555.",OD_595,3.6929048476988616e-06,-0.001341237140500827,0.1452339295568295,1.1151376177015275,0.6293866170756488,62.49359080388253
"Arthrobacter globiformis_7_TGE agar_Roth, N.G. and Wheaton, R.B., 1962. Continuity of psychrophilic and mesophilic growth characteristics in the genus Arthrobacter. Journal of bacteriology, 83(3), pp.551-555.",OD_595,3.2024466773451346e-08,-4.5380779948154756e-05,0.022605772804375944,0.7389384148700711,0.9893121984039217,57.13417535896081
"Arthrobacter simplex_0_TGE agar_Roth, N.G. and Wheaton, R.B., 1962. Continuity of psychrophilic and mesophilic growth characteristics in the genus Arthrobacter. Journal of bacteriology, 83(3), pp.551-555.",OD_595,1.435573163052339e-10,-8.53289919324721e-08,1.8024997651992365e-05,1.007368477419366,0.3491600047221237,-157.27001437032942
"Arthrobacter simplex_20_TGE agar_Roth, N.G. and Wheaton, R.B., 1962. Continuity of psychrophilic and mesophilic growth characteristics in the genus Arthrobacter. Journal of bacteriology, 83(3), pp.551-555.",OD_595,4.360128067189531e-07,-0.00031493569504289023,0.07338947627275609,0.3681762768247171,0.9434745086231683,58.47060661719208
"Arthrobacter simplex_30_TGE agar_Roth, N.G. and Wheaton, R.B., 1962. Continuity of psychrophilic and mesophilic growth characteristics in the genus Arthrobacter. Journal of bacteriology, 83(3), pp.551-555.",OD_595,1.0415700780775615e-06,-0.0005540030198465936,0.09318715485954238,0.8445548484024439,0.8793556412602873,67.65483637487011
"Arthrobacter simplex_37_TGE agar_Roth, N.G. and Wheaton, R.B., 1962. Continuity of psychrophilic and mesophilic growth characteristics in the genus Arthrobacter. Journal of bacteriology, 83(3), pp.551-555.",OD_595,2.122212041899933e-06,-0.0009289133271932783,0.12676585997961887,0.7461364532010833,0.8671468331734082,74.39683364205796
"Arthrobacter simplex_7_TGE agar_Roth, N.G. and Wheaton, R.B., 1962. Continuity of psychrophilic and mesophilic growth characteristics in the genus Arthrobacter. Journal of bacteriology, 83(3), pp.551-555.",OD_595,-1.5390476905658147e-07,0.0001224601643388892,-0.013560826788730818,1.116246340189811,0.867265067475246,113.3841281644772
"Arthrobacter sp. 62_0_TGE agar_Roth, N.G. and Wheaton, R.B., 1962. Continuity of psychrophilic and mesophilic growth characteristics in the genus Arthrobacter. Journal of bacteriology, 83(3), pp.551-555.",OD_595,-7.767371253372958e-08,7.729096677459656e-05,-0.010441513051748109,1.2892405295092246,0.9563111165758538,130.50490445733993
"Arthrobacter sp. 62_20_TGE agar_Roth, N.G. and Wheaton, R.B., 1962. Continuity of psychrophilic and mesophilic growth characteristics in the genus Arthrobacter. Journal of bacteriology, 83(3), pp.551-555.",OD_595,-3.102003042205865e-06,-0.00019813514507625147,0.11475055172178066,0.4883634772923758,0.8439722752745222,93.84041726346062
"Arthrobacter sp. 62_30_TGE agar_Roth, N.G. and Wheaton, R.B., 1962. Continuity of psychrophilic and mesophilic growth characteristics in the genus Arthrobacter. Journal of bacteriology, 83(3), pp.551-555.",OD_595,2.492757233767883e-10,-1.272707000188653e-07,-5.513616616983311e-06,1.025026405676299,0.32097646148172543,-79.24587645125958
"Arthrobacter sp. 62_37_TGE agar_Roth, N.G. and Wheaton, R.B., 1962. Continuity of psychrophilic and mesophilic growth characteristics in the genus Arthrobacter. Journal of bacteriology, 83(3), pp.551-555.",OD_595,1.6751446071395589e-10,-6.818911172251189e-08,1.4393781688326395e-05,1.0110333775250935,0.7085319415616018,-135.69888985178454
"Arthrobacter sp. 62_7_TGE agar_Roth, N.G. and Wheaton, R.B., 1962. Continuity of psychrophilic and mesophilic growth characteristics in the genus Arthrobacter. Journal of bacteriology, 83(3), pp.551-555.",OD_595,5.40678911919322e-09,-4.768598176462167e-05,0.03332265585999733,0.639552429050021,0.9773592185939179,99.72546402289043
"Arthrobacter sp. 77_0_TGE agar_Roth, N.G. and Wheaton, R.B., 1962. Continuity of psychrophilic and mesophilic growth characteristics in the genus Arthrobacter. Journal of bacteriology, 83(3), pp.551-555.",OD_595,-1.363091504534663e-08,-4.227601058777388e-06,0.016449635424227196,0.5763493748845777,0.9566577640734168,144.55542122639864
"Arthrobacter sp. 77_20_TGE agar_Roth, N.G. and Wheaton, R.B., 1962. Continuity of psychrophilic and mesophilic growth characteristics in the genus Arthrobacter. Journal of bacteriology, 83(3), pp.551-555.",OD_595,-9.353111009436522e-07,-0.0006394926758282371,0.12400402194206488,0.44450851483531884,0.8022394255339047,61.9203433852212
"Arthrobacter sp. 77_30_TGE agar_Roth, N.G. and Wheaton, R.B., 1962. Continuity of psychrophilic and mesophilic growth characteristics in the genus Arthrobacter. Journal of bacteriology, 83(3), pp.551-555.",OD_595,1.4500671604350588e-06,-0.0007079011805244892,0.1097400876323755,0.2654341613427756,0.9627567047633662,66.54839777179215
"Arthrobacter sp. 77_37_TGE agar_Roth, N.G. and Wheaton, R.B., 1962. Continuity of psychrophilic and mesophilic growth characteristics in the genus Arthrobacter. Journal of bacteriology, 83(3), pp.551-555.",OD_595,-3.700019203584843e-10,4.267900068464539e-07,-0.00012527958565026855,1.0031566951515396,0.48615755606844546,-147.49423406379773
"Arthrobacter sp. 77_7_TGE agar_Roth, N.G. and Wheaton, R.B., 1962. Continuity of psychrophilic and mesophilic growth characteristics in the genus Arthrobacter. Journal of bacteriology, 83(3), pp.551-555.",OD_595,9.815031333153648e-08,-0.00011669364447881555,0.045373311207521555,0.46029368971989837,0.9455017662936887,109.75840888235027
"Arthrobacter sp. 88_0_TGE agar_Roth, N.G. and Wheaton, R.B., 1962. Continuity of psychrophilic and mesophilic growth characteristics in the genus Arthrobacter. Journal of bacteriology, 83(3), pp.551-555.",OD_595,-5.468316396589506e-08,2.6081014948558474e-05,0.010952861830344269,-0.17542998466845727,0.972111984936502,63.8432294050669
"Arthrobacter sp. 88_20_TGE agar_Roth, N.G. and Wheaton, R.B., 1962. Continuity of psychrophilic and mesophilic growth characteristics in the genus Arthrobacter. Journal of bacteriology, 83(3), pp.551-555.",OD_595,1.6719496294963975e-06,-0.0008942715411193377,0.14325665061183837,0.4496520970279144,0.39788102988728935,170.15569052902575
"Arthrobacter sp. 88_30_TGE agar_Roth, N.G. and Wheaton, R.B., 1962. Continuity of psychrophilic and mesophilic growth characteristics in the genus Arthrobacter. Journal of bacteriology, 83(3), pp.551-555.",OD_595,1.6755599789958714e-06,-0.0010009327468632424,0.18781300483118932,-4.132619138201103,0.5046282910976752,128.84135488329434
"Arthrobacter sp. 88_37_TGE agar_Roth, N.G. and Wheaton, R.B., 1962. Continuity of psychrophilic and mesophilic growth characteristics in the genus Arthrobacter. Journal of bacteriology, 83(3), pp.551-555.",OD_595,-2.0333319780161788e-10,1.2201763071935984e-07,5.575252047283026e-06,1.0080855392303147,0.25411553583703905,-132.53860580270944
"Arthrobacter sp. 88_7_TGE agar_Roth, N.G. and Wheaton, R.B., 1962. Continuity of psychrophilic and mesophilic growth characteristics in the genus Arthrobacter. Journal of bacteriology, 83(3), pp.551-555.",OD_595,2.042648619500368e-07,-0.00016837691962498988,0.046369219643306175,0.933829161865677,0.9955394450054378,34.54383514870821
"Bacillus.pumilus..RDA.R._15_TSB_Bae, Y.M., Zheng, L., Hyun, J.E., Jung, K.S., Heu, S. and Lee, S.Y., 2014. Growth characteristics and biofilm formation of various spoilage bacteria isolated from fresh produce. Journal of food science, 79(10), pp.M2072-M2080.",OD_595,1.3369505007431875e-07,-0.0001289856644219537,0.039552241533453936,-5.420999273910282,0.8836139072663294,-147.76679472216816
"Bacillus.pumilus..RDA.R._25_TSB_Bae, Y.M., Zheng, L., Hyun, J.E., Jung, K.S., Heu, S. and Lee, S.Y., 2014. Growth characteristics and biofilm formation of various spoilage bacteria isolated from fresh produce. Journal of food science, 79(10), pp.M2072-M2080.",OD_595,7.75722389951916e-06,-0.002046429359358376,0.1631381228751685,-5.17758893585032,0.721050969430926,-77.01100436978098
"Bacillus.pumilus..RDA.R._35_TSB_Bae, Y.M., Zheng, L., Hyun, J.E., Jung, K.S., Heu, S. and Lee, S.Y., 2014. Growth characteristics and biofilm formation of various spoilage bacteria isolated from fresh produce. Journal of food science, 79(10), pp.M2072-M2080.",OD_595,8.30722189977522e-06,-0.002119773309481357,0.15308441618167093,-3.835540929681674,0.3277463945166289,-70.07368568733318
"Bacillus.pumilus..RDA.R._5_TSB_Bae, Y.M., Zheng, L., Hyun, J.E., Jung, K.S., Heu, S. and Lee, S.Y., 2014. Growth characteristics and biofilm formation of various spoilage bacteria isolated from fresh produce. Journal of food science, 79(10), pp.M2072-M2080.",OD_595,2.9305805124888515e-07,-0.00033650880134058445,0.11361722158441606,-17.88799336872664,0.0427180872923375,-122.42584973961593
"Bacillus.pumilus_15_TSB_Bae, Y.M., Zheng, L., Hyun, J.E., Jung, K.S., Heu, S. and Lee, S.Y., 2014. Growth characteristics and biofilm formation of various spoilage bacteria isolated from fresh produce. Journal of food science, 79(10), pp.M2072-M2080.",OD_595,1.24277045815839e-07,-0.00012128221675672366,0.03422504309236743,-4.626338720823638,0.9478759253765219,-188.70799284544555
"Bacillus.pumilus_25_TSB_Bae, Y.M., Zheng, L., Hyun, J.E., Jung, K.S., Heu, S. and Lee, S.Y., 2014. Growth characteristics and biofilm formation of various spoilage bacteria isolated from fresh produce. Journal of food science, 79(10), pp.M2072-M2080.",OD_595,3.5491831513444894e-06,-0.0011923460820377574,0.12051275181864783,-4.847847979874831,0.7528439116240955,-74.94380686941916
"Bacillus.pumilus_35_TSB_Bae, Y.M., Zheng, L., Hyun, J.E., Jung, K.S., Heu, S. and Lee, S.Y., 2014. Growth characteristics and biofilm formation of various spoilage bacteria isolated from fresh produce. Journal of food science, 79(10), pp.M2072-M2080.",OD_595,1.7576304439119855e-05,-0.004372117513366606,0.30366276094249234,-6.291898677909642,-5.94540828164211,-31.054432110462997
"Bacillus.pumilus_5_TSB_Bae, Y.M., Zheng, L., Hyun, J.E., Jung, K.S., Heu, S. and Lee, S.Y., 2014. Growth characteristics and biofilm formation of various spoilage bacteria isolated from fresh produce. Journal of food science, 79(10), pp.M2072-M2080.",OD_595,6.147805291946665e-09,-1.1722871788940234e-05,0.00406977147185715,-5.905079856174586,0.19366553593458125,-329.7418822342281
"Chryseobacterium.balustinum_15_TSB_Bae, Y.M., Zheng, L., Hyun, J.E., Jung, K.S., Heu, S. and Lee, S.Y., 2014. Growth characteristics and biofilm formation of various spoilage bacteria isolated from fresh produce. Journal of food science, 79(10), pp.M2072-M2080.",OD_595,9.187487825862263e-08,-8.568448309242585e-05,0.02417525881658919,-3.1287792676422876,0.9186654076222254,-147.8581183097604
"Chryseobacterium.balustinum_25_TSB_Bae, Y.M., Zheng, L., Hyun, J.E., Jung, K.S., Heu, S. and Lee, S.Y., 2014. Growth characteristics and biofilm formation of various spoilage bacteria isolated from fresh produce. Journal of food science, 79(10), pp.M2072-M2080.",OD_595,2.2680099808180923e-06,-0.0008192087117984545,0.09132465948049713,-4.27379986662195,0.8365519379649122,-64.77744049632818
"Chryseobacterium.balustinum_35_TSB_Bae, Y.M., Zheng, L., Hyun, J.E., Jung, K.S., Heu, S. and Lee, S.Y., 2014. Growth characteristics and biofilm formation of various spoilage bacteria isolated from fresh produce. Journal of food science, 79(10), pp.M2072-M2080.",OD_595,4.996717244356228e-06,-0.0013548285615076494,0.10976755667495228,-3.7240625612769187,0.8268557670181236,-76.70350774102442
"Chryseobacterium.balustinum_5_TSB_Bae, Y.M., Zheng, L., Hyun, J.E., Jung, K.S., Heu, S. and Lee, S.Y., 2014. Growth characteristics and biofilm formation of various spoilage bacteria isolated from fresh produce. Journal of food science, 79(10), pp.M2072-M2080.",OD_595,3.548749928898539e-08,-4.920730740103406e-05,0.022758521400351308,-4.948707084444201,0.9705533872472043,-226.8079305906859
"Clavibacter.michiganensis..RDA.R._15_TSB_Bae, Y.M., Zheng, L., Hyun, J.E., Jung, K.S., Heu, S. and Lee, S.Y., 2014. Growth characteristics and biofilm formation of various spoilage bacteria isolated from fresh produce. Journal of food science, 79(10), pp.M2072-M2080.",OD_595,1.3627895383918147e-07,-0.00013321145714180593,0.03644609676310405,-3.519784409414784,0.9521257595983117,-142.66398894951
"Clavibacter.michiganensis..RDA.R._25_TSB_Bae, Y.M., Zheng, L., Hyun, J.E., Jung, K.S., Heu, S. and Lee, S.Y., 2014. Growth characteristics and biofilm formation of various spoilage bacteria isolated from fresh produce. Journal of food science, 79(10), pp.M2072-M2080.",OD_595,6.662357746920828e-06,-0.0018548428466299842,0.1466365763274387,-3.7097677476182978,0.747508187748128,-67.19210110059224
"Clavibacter.michiganensis..RDA.R._35_TSB_Bae, Y.M., Zheng, L., Hyun, J.E., Jung, K.S., Heu, S. and Lee, S.Y., 2014. Growth characteristics and biofilm formation of various spoilage bacteria isolated from fresh produce. Journal of food science, 79(10), pp.M2072-M2080.",OD_595,8.710831662664554e-06,-0.002192185871306483,0.15286030949302548,-2.9810895570046023,0.08495102279791178,-44.81991619248119
"Clavibacter.michiganensis..RDA.R._5_TSB_Bae, Y.M., Zheng, L., Hyun, J.E., Jung, K.S., Heu, S. and Lee, S.Y., 2014. Growth characteristics and biofilm formation of various spoilage bacteria isolated from fresh produce. Journal of food science, 79(10), pp.M2072-M2080.",OD_595,1.2075477717555056e-08,-2.0303835269815792e-05,0.012406147054662326,-3.9210817750215807,0.992333745189218,-257.9450935935654
"Clavibacter.michiganensis_15_TSB_Bae, Y.M., Zheng, L., Hyun, J.E., Jung, K.S., Heu, S. and Lee, S.Y., 2014. Growth characteristics and biofilm formation of various spoilage bacteria isolated from fresh produce. Journal of food science, 79(10), pp.M2072-M2080.",OD_595,1.2488432425789843e-07,-0.00012075624187713863,0.03370418039362105,-3.1341427059077556,0.9162335250857129,-119.87409465269175
"Clavibacter.michiganensis_25_TSB_Bae, Y.M., Zheng, L., Hyun, J.E., Jung, K.S., Heu, S. and Lee, S.Y., 2014. Growth characteristics and biofilm formation of various spoilage bacteria isolated from fresh produce. Journal of food science, 79(10), pp.M2072-M2080.",OD_595,6.39832021512758e-06,-0.0017538634996174412,0.13934458020739734,-3.3233499470042602,0.7736161093282179,-53.26826190257307
"Clavibacter.michiganensis_35_TSB_Bae, Y.M., Zheng, L., Hyun, J.E., Jung, K.S., Heu, S. and Lee, S.Y., 2014. Growth characteristics and biofilm formation of various spoilage bacteria isolated from fresh produce. Journal of food science, 79(10), pp.M2072-M2080.",OD_595,9.114981709501554e-06,-0.0022962403553538177,0.16301514605906664,-3.08543928541595,0.22210645398136497,-37.904072119317
"Clavibacter.michiganensis_5_TSB_Bae, Y.M., Zheng, L., Hyun, J.E., Jung, K.S., Heu, S. and Lee, S.Y., 2014. Growth characteristics and biofilm formation of various spoilage bacteria isolated from fresh produce. Journal of food science, 79(10), pp.M2072-M2080.",OD_595,1.9301324666051943e-08,-2.9522507291229392e-05,0.015629634016090424,-3.8726687658245247,0.9893307126425197,-236.0496345655934
"Dickeya.zeae..RDA.R._15_TSB_Bae, Y.M., Zheng, L., Hyun, J.E., Jung, K.S., Heu, S. and Lee, S.Y., 2014. Growth characteristics and biofilm formation of various spoilage bacteria isolated from fresh produce. Journal of food science, 79(10), pp.M2072-M2080.",OD_595,2.0261849019850045e-07,-0.0001777261036905513,0.043848329692234074,-3.2941818515454075,0.4439489631209248,-77.09668999270771
"Dickeya.zeae..RDA.R._25_TSB_Bae, Y.M., Zheng, L., Hyun, J.E., Jung, K.S., Heu, S. and Lee, S.Y., 2014. Growth characteristics and biofilm formation of various spoilage bacteria isolated from fresh produce. Journal of food science, 79(10), pp.M2072-M2080.",OD_595,8.436542593715765e-06,-0.0021631008448377174,0.15658157021287344,-3.0642440481701243,0.3508839530452246,-34.58277878804765
"Dickeya.zeae..RDA.R._35_TSB_Bae, Y.M., Zheng, L., Hyun, J.E., Jung, K.S., Heu, S. and Lee, S.Y., 2014. Growth characteristics and biofilm formation of various spoilage bacteria isolated from fresh produce. Journal of food science, 79(10), pp.M2072-M2080.",OD_595,9.699964497543357e-06,-0.0023317520572004144,0.13886529318210436,-2.026753398631537,-0.22961774595686224,-29.991047402087403
"Dickeya.zeae..RDA.R._5_TSB_Bae, Y.M., Zheng, L., Hyun, J.E., Jung, K.S., Heu, S. and Lee, S.Y., 2014. Growth characteristics and biofilm formation of various spoilage bacteria isolated from fresh produce. Journal of food science, 79(10), pp.M2072-M2080.",OD_595,-2.9879297223049554e-08,3.165639473626922e-05,-0.010877333639576894,-4.401663015202324,0.22911857799136193,-321.07388416091885
"Dickeya.zeae_15_TSB_Bae, Y.M., Zheng, L., Hyun, J.E., Jung, K.S., Heu, S. and Lee, S.Y., 2014. Growth characteristics and biofilm formation of various spoilage bacteria isolated from fresh produce. Journal of food science, 79(10), pp.M2072-M2080.",OD_595,1.8061614171908856e-07,-0.00015702954046983736,0.03815717553031638,-2.9809433190465655,0.49020109319194005,-85.83484069952944
"Dickeya.zeae_25_TSB_Bae, Y.M., Zheng, L., Hyun, J.E., Jung, K.S., Heu, S. and Lee, S.Y., 2014. Growth characteristics and biofilm formation of various spoilage bacteria isolated from fresh produce. Journal of food science, 79(10), pp.M2072-M2080.",OD_595,9.5146298249191e-06,-0.002472379895373541,0.17752993664824657,-3.33065281105372,0.019907461250278424,-32.43554959121383
"Dickeya.zeae_35_TSB_Bae, Y.M., Zheng, L., Hyun, J.E., Jung, K.S., Heu, S. and Lee, S.Y., 2014. Growth characteristics and biofilm formation of various spoilage bacteria isolated from fresh produce. Journal of food science, 79(10), pp.M2072-M2080.",OD_595,1.2246398690169221e-05,-0.0029532096296951446,0.1841192592731868,-2.5167455610376672,-1.6731245796016117,-15.634747283192894
"Dickeya.zeae_5_TSB_Bae, Y.M., Zheng, L., Hyun, J.E., Jung, K.S., Heu, S. and Lee, S.Y., 2014. Growth characteristics and biofilm formation of various spoilage bacteria isolated from fresh produce. Journal of food science, 79(10), pp.M2072-M2080.",OD_595,-4.967160784317806e-09,1.4632093862596725e-05,-0.008160442980281594,-3.9080660600960195,0.6082345446574671,-338.7317700994375
"Enterobacter.sp._15_TSB_Bae, Y.M., Zheng, L., Hyun, J.E., Jung, K.S., Heu, S. and Lee, S.Y., 2014. Growth characteristics and biofilm formation of various spoilage bacteria isolated from fresh produce. Journal of food science, 79(10), pp.M2072-M2080.",OD_595,1.3152065003651443e-07,-0.00011110202986865621,0.027430501592143133,-1.992832618066898,0.6464869512262931,-87.72639795876653
"Enterobacter.sp._25_TSB_Bae, Y.M., Zheng, L., Hyun, J.E., Jung, K.S., Heu, S. and Lee, S.Y., 2014. Growth characteristics and biofilm formation of various spoilage bacteria isolated from fresh produce. Journal of food science, 79(10), pp.M2072-M2080.",OD_595,5.518157587518714e-07,-0.0003114837489718076,0.0564533526757622,-3.3893021399238292,0.9677338507876727,-86.21713802419983
"Enterobacter.sp._35_TSB_Bae, Y.M., Zheng, L., Hyun, J.E., Jung, K.S., Heu, S. and Lee, S.Y., 2014. Growth characteristics and biofilm formation of various spoilage bacteria isolated from fresh produce. Journal of food science, 79(10), pp.M2072-M2080.",OD_595,7.070382230701422e-06,-0.0017256249399834312,0.11551085154523354,-1.7332857306463265,-0.2201682846159918,-24.605832085376754
"Enterobacter.sp._5_TSB_Bae, Y.M., Zheng, L., Hyun, J.E., Jung, K.S., Heu, S. and Lee, S.Y., 2014. Growth characteristics and biofilm formation of various spoilage bacteria isolated from fresh produce. Journal of food science, 79(10), pp.M2072-M2080.",OD_595,3.7701870244951275e-08,-4.675973474368954e-05,0.01748676770779484,-2.4513401805851367,0.698378373672097,-143.25277633316148
"Escherichia coli_10_C02 Beef Striploins_Gill, C.O. and DeLacy, K.M., 1991. Growth of Escherichia coli and Salmonella typhimurium on high-pH beef packed under vacuum or carbon dioxide. International journal of food microbiology, 13(1), pp.21-30.",OD_595,-0.000853414196427187,0.03352299804911116,-0.018676135611427346,4.516395368841738,0.995604013472459,75.16604503828303
"Escherichia coli_10_Vacuum Beef Striploins_Gill, C.O. and DeLacy, K.M., 1991. Growth of Escherichia coli and Salmonella typhimurium on high-pH beef packed under vacuum or carbon dioxide. International journal of food microbiology, 13(1), pp.21-30.",OD_595,-0.054514089430027245,0.28101737668862076,0.7571734261061966,3.8357802487620476,0.86741830177403,78.98280542370733
"Escherichia coli_12_C02 Beef Striploins_Gill, C.O. and DeLacy, K.M., 1991. Growth of Escherichia coli and Salmonella typhimurium on high-pH beef packed under vacuum or carbon dioxide. International journal of food microbiology, 13(1), pp.21-30.",OD_595,0.003763168669932843,-0.01023927588238009,0.06293022307174592,3.5920558871868518,0.9948239127725941,39.4213377223175
"Escherichia coli_12_Vacuum Beef Striploins_Gill, C.O. and DeLacy, K.M., 1991. Growth of Escherichia coli and Salmonella typhimurium on high-pH beef packed under vacuum or carbon dioxide. International journal of food microbiology, 13(1), pp.21-30.",OD_595,-0.012424244949468134,0.13208297821588688,0.6810807131170542,3.8390815055974845,0.9729748650686079,81.15335201469424
"Escherichia coli_15_C02 Beef Striploins_Gill, C.O. and DeLacy, K.M., 1991. Growth of Escherichia coli and Salmonella typhimurium on high-pH beef packed under vacuum or carbon dioxide. International journal of food microbiology, 13(1), pp.21-30.",OD_595,-0.018502492789941507,0.17816689618905768,0.4180749199868997,3.522808084009318,0.9971718450760763,69.1158083564336
"Escherichia coli_20_C02 Beef Striploins_Gill, C.O. and DeLacy, K.M., 1991. Growth of Escherichia coli and Salmonella typhimurium on high-pH beef packed under vacuum or carbon dioxide. International journal of food microbiology, 13(1), pp.21-30.",OD_595,-0.46492083044210025,-0.07228088864485982,4.182123236692985,4.5924728113813815,0.9802093433557608,83.62900925022376
"Escherichia coli_30_C02 Beef Striploins_Gill, C.O. and DeLacy, K.M., 1991. Growth of Escherichia coli and Salmonella typhimurium on high-pH beef packed under vacuum or carbon dioxide. International journal of food microbiology, 13(1), pp.21-30.",OD_595,-0.7786682161452756,-2.3322408842678315,8.654775528898254,3.4434150012450813,0.9690102235192201,96.652541915494
"Escherichia coli_30_Vacuum Beef Striploins_Gill, C.O. and DeLacy, K.M., 1991. Growth of Escherichia coli and Salmonella typhimurium on high-pH beef packed under vacuum or carbon dioxide. International journal of food microbiology, 13(1), pp.21-30.",OD_595,-6.201058565249392,6.997930310534654,4.485982591829188,4.272818066750728,0.7067882279335326,101.41438277237704
"Escherichia coli_8_Vacuum Beef Striploins_Gill, C.O. and DeLacy, K.M., 1991. Growth of Escherichia coli and Salmonella typhimurium on high-pH beef packed under vacuum or carbon dioxide. International journal of food microbiology, 13(1), pp.21-30.",OD_595,-0.018662981075536496,0.20418540512372998,-0.06662399325069757,3.332843216933551,0.9812855862280577,46.32125435233384
"Klebsiella.pneumonia..RDA.R._15_TSB_Bae, Y.M., Zheng, L., Hyun, J.E., Jung, K.S., Heu, S. and Lee, S.Y., 2014. Growth characteristics and biofilm formation of various spoilage bacteria isolated from fresh produce. Journal of food science, 79(10), pp.M2072-M2080.",OD_595,1.4142067980415668e-07,-0.00011875491303815294,0.02879310009468865,-2.11293264375873,0.6481608327763067,-105.43021178874744
"Klebsiella.pneumonia..RDA.R._25_TSB_Bae, Y.M., Zheng, L., Hyun, J.E., Jung, K.S., Heu, S. and Lee, S.Y., 2014. Growth characteristics and biofilm formation of various spoilage bacteria isolated from fresh produce. Journal of food science, 79(10), pp.M2072-M2080.",OD_595,6.86008848346793e-06,-0.0016906101752731783,0.11412073601183564,-1.8331849540178875,-0.04668640815568148,-29.95704905450433
"Klebsiella.pneumonia..RDA.R._35_TSB_Bae, Y.M., Zheng, L., Hyun, J.E., Jung, K.S., Heu, S. and Lee, S.Y., 2014. Growth characteristics and biofilm formation of various spoilage bacteria isolated from fresh produce. Journal of food science, 79(10), pp.M2072-M2080.",OD_595,6.314063777906194e-06,-0.0015101128525218692,0.09680924416529846,-1.3128617510802658,-0.535136086367231,-26.660813214932368
"Klebsiella.pneumonia..RDA.R._5_TSB_Bae, Y.M., Zheng, L., Hyun, J.E., Jung, K.S., Heu, S. and Lee, S.Y., 2014. Growth characteristics and biofilm formation of various spoilage bacteria isolated from fresh produce. Journal of food science, 79(10), pp.M2072-M2080.",OD_595,-1.0837579277615949e-08,2.039313541629513e-05,-0.009408004788992334,-3.954691546142521,0.5033152729916872,-334.3599593561042
"Klebsiella.pneumonia_15_TSB_Bae, Y.M., Zheng, L., Hyun, J.E., Jung, K.S., Heu, S. and Lee, S.Y., 2014. Growth characteristics and biofilm formation of various spoilage bacteria isolated from fresh produce. Journal of food science, 79(10), pp.M2072-M2080.",OD_595,1.1633186628833241e-07,-9.951653683452868e-05,0.024704302392169607,-1.8091127047145812,0.7068296310519526,-109.89712671860433
"Klebsiella.pneumonia_25_TSB_Bae, Y.M., Zheng, L., Hyun, J.E., Jung, K.S., Heu, S. and Lee, S.Y., 2014. Growth characteristics and biofilm formation of various spoilage bacteria isolated from fresh produce. Journal of food science, 79(10), pp.M2072-M2080.",OD_595,6.777384535402643e-06,-0.0016596120447396983,0.11109084903855419,-1.6694081054238583,-0.163215082605479,-25.854394759332266
"Klebsiella.pneumonia_35_TSB_Bae, Y.M., Zheng, L., Hyun, J.E., Jung, K.S., Heu, S. and Lee, S.Y., 2014. Growth characteristics and biofilm formation of various spoilage bacteria isolated from fresh produce. Journal of food science, 79(10), pp.M2072-M2080.",OD_595,8.483955255787229e-06,-0.002027445607977987,0.12887699405720704,-1.606127568700859,-1.3734557449795495,-16.16415377267776
"Klebsiella.pneumonia_5_TSB_Bae, Y.M., Zheng, L., Hyun, J.E., Jung, K.S., Heu, S. and Lee, S.Y., 2014. Growth characteristics and biofilm formation of various spoilage bacteria isolated from fresh produce. Journal of food science, 79(10), pp.M2072-M2080.",OD_595,3.1905063798020316e-08,-4.260623523667154e-05,0.01767733329186567,-3.200190433109213,0.9121192945887657,-189.15883511491901
"Lactobacillus plantarum_12_MRS broth_Silva, A.P.R.D., Longhi, D.A., Dalcanton, F. and Aragão, G.M.F.D., 2018. Modelling the growth of lactic acid bacteria at different temperatures. Brazilian Archives of Biology and Technology, 61.",OD_595,-6.606110529958217e-07,0.00028380554694309925,0.02996155819900648,4.6712529793442945,0.8945979011026911,626.9708110991764
"Lactobacillus plantarum_16_MRS broth_Silva, A.P.R.D., Longhi, D.A., Dalcanton, F. and Aragão, G.M.F.D., 2018. Modelling the growth of lactic acid bacteria at different temperatures. Brazilian Archives of Biology and Technology, 61.",OD_595,-1.4181112179428463e-05,0.0016158828004191115,0.15347487468337603,4.043866397093172,0.5692336793865038,727.302506300664
"Lactobacillus plantarum_20_MRS broth_Silva, A.P.R.D., Longhi, D.A., Dalcanton, F. and Aragão, G.M.F.D., 2018. Modelling the growth of lactic acid bacteria at different temperatures. Brazilian Archives of Biology and Technology, 61.",OD_595,-3.796557157751993e-05,0.0020820170413102784,0.2995203775857712,3.903422342365184,0.8253970493407483,644.5739412028416
"Lactobacillus plantarum_30_MRS broth_Silva, A.P.R.D., Longhi, D.A., Dalcanton, F. and Aragão, G.M.F.D., 2018. Modelling the growth of lactic acid bacteria at different temperatures. Brazilian Archives of Biology and Technology, 61.",OD_595,-0.0005281909160519343,0.017006776328824302,0.5877861246972663,3.678976722075591,0.8370492716726972,546.0121981518828
"Lactobacillus plantarum_8_MRS broth_Silva, A.P.R.D., Longhi, D.A., Dalcanton, F. and Aragão, G.M.F.D., 2018. Modelling the growth of lactic acid bacteria at different temperatures. Brazilian Archives of Biology and Technology, 61.",OD_595,-1.0066070088811053e-07,1.655305474210008e-05,0.013483515319666095,3.7161499159852878,0.7914360559539613,102.56741379390695
"Lactobacillus sakei_12_MRS broth_Silva, A.P.R.D., Longhi, D.A., Dalcanton, F. and Aragão, G.M.F.D., 2018. Modelling the growth of lactic acid bacteria at different temperatures. Brazilian Archives of Biology and Technology, 61.",OD_595,-6.93397011714745e-07,-0.000830825620198042,0.24957217436469933,3.285946754909895,0.37097021881021197,468.78457958092696
"Lactobacillus sakei_16_MRS broth_Silva, A.P.R.D., Longhi, D.A., Dalcanton, F. and Aragão, G.M.F.D., 2018. Modelling the growth of lactic acid bacteria at different temperatures. Brazilian Archives of Biology and Technology, 61.",OD_595,1.4900302041568856e-05,-0.005017903583757304,0.5287051422470949,3.3997634122319815,0.8237164359554263,510.59186790066065
"Lactobacillus sakei_20_MRS broth_Silva, A.P.R.D., Longhi, D.A., Dalcanton, F. and Aragão, G.M.F.D., 2018. Modelling the growth of lactic acid bacteria at different temperatures. Brazilian Archives of Biology and Technology, 61.",OD_595,6.203637142220087e-05,-0.012583472096236706,0.8353814637825462,3.0911496112151764,0.9581450460082656,460.143112214329
"Lactobacillus sakei_30_MRS broth_Silva, A.P.R.D., Longhi, D.A., Dalcanton, F. and Aragão, G.M.F.D., 2018. Modelling the growth of lactic acid bacteria at different temperatures. Brazilian Archives of Biology and Technology, 61.",OD_595,0.00029386929360402053,-0.04139625767938795,1.5834663380624114,3.1911654478858824,0.8979984111712336,395.78374946495796
"Lactobacillus sakei_4_MRS broth_Silva, A.P.R.D., Longhi, D.A., Dalcanton, F. and Aragão, G.M.F.D., 2018. Modelling the growth of lactic acid bacteria at different temperatures. Brazilian Archives of Biology and Technology, 61.",OD_595,-4.5309431486401264e-07,0.00021654370143686882,-0.001450313884060676,3.9720677463217786,0.9070417159757432,160.76425193717762
"Lactobacillus sakei_8_MRS broth_Silva, A.P.R.D., Longhi, D.A., Dalcanton, F. and Aragão, G.M.F.D., 2018. Modelling the growth of lactic acid bacteria at different temperatures. Brazilian Archives of Biology and Technology, 61.",OD_595,1.1624576084473709e-07,-0.00024253759226315375,0.1176702872118436,2.7025855661494087,0.8177709545619329,665.9794498166226
"Lactobaciulus plantarum_10_MRS_Zwietering, M.H., De Wit, J.C., Cuppers, H.G.A.M. and Van't Riet, K., 1994. Modeling of bacterial growth with shifts in temperature. Appl. Environ. Microbiol., 60(1), pp.204-213.",OD_595,2.440238953451319e-07,-0.0002410359877698704,0.07759086396165678,-0.2673357182079779,0.6608587425215153,1999.6491955254187
"Lactobaciulus plantarum_15_MRS_Zwietering, M.H., De Wit, J.C., Cuppers, H.G.A.M. and Van't Riet, K., 1994. Modeling of bacterial growth with shifts in temperature. Appl. Environ. Microbiol., 60(1), pp.204-213.",OD_595,4.6434092746663343e-07,-0.0012198555457537145,0.2180705294504786,-0.6890909251152523,0.6138943396670165,1402.5761769109452
"Lactobaciulus plantarum_20_MRS_Zwietering, M.H., De Wit, J.C., Cuppers, H.G.A.M. and Van't Riet, K., 1994. Modeling of bacterial growth with shifts in temperature. Appl. Environ. Microbiol., 60(1), pp.204-213.",OD_595,-4.54901230673592e-05,-0.00090850080838198,0.35778429164546394,-0.5200683652345047,0.8169119177711075,1641.601596630279
"Lactobaciulus plantarum_25_MRS_Zwietering, M.H., De Wit, J.C., Cuppers, H.G.A.M. and Van't Riet, K., 1994. Modeling of bacterial growth with shifts in temperature. Appl. Environ. Microbiol., 60(1), pp.204-213.",OD_595,0.00010272748669898944,-0.015443314497937581,0.7131894495456164,-0.6360597962368139,0.6788089311255842,1454.7221761131107
"Oscillatoria agardhii Strain 97_15_Z8_Sivonen, K., 1990. Effects of light, temperature, nitrate, orthophosphate, and bacteria on growth of and hepatotoxin production by Oscillatoria agardhii strains. Appl. Environ. Microbiol., 56(9), pp.2658-2666.",OD_595,-1.0571686703937945e-08,3.0099794318022236e-06,0.003479461259771723,0.11118151923236677,0.8370588358420854,-3.7950048064584117
"Oscillatoria agardhii Strain 97_20_Z8_Sivonen, K., 1990. Effects of light, temperature, nitrate, orthophosphate, and bacteria on growth of and hepatotoxin production by Oscillatoria agardhii strains. Appl. Environ. Microbiol., 56(9), pp.2658-2666.",OD_595,-1.4430935320357315e-08,5.794803259897522e-06,0.0033734473997768183,0.08919597465204439,0.9202374498490994,-6.7831603686520605
"Oscillatoria agardhii Strain 97_25_Z8_Sivonen, K., 1990. Effects of light, temperature, nitrate, orthophosphate, and bacteria on growth of and hepatotoxin production by Oscillatoria agardhii strains. Appl. Environ. Microbiol., 56(9), pp.2658-2666.",OD_595,-3.7349981165620866e-08,1.8215773714696096e-05,0.0026904992328065916,0.12298648905651581,0.995646513665844,-18.254421230412014
"Oscillatoria agardhii Strain 97_30_Z8_Sivonen, K., 1990. Effects of light, temperature, nitrate, orthophosphate, and bacteria on growth of and hepatotoxin production by Oscillatoria agardhii strains. Appl. Environ. Microbiol., 56(9), pp.2658-2666.",OD_595,-6.549762723560055e-09,-8.998615686673955e-06,0.006565701761099641,0.12926455881164428,0.9804464820126337,-20.855971865069193
"Oscillatoria agardhii StrainCYA 128_15_Z8_Sivonen, K., 1990. Effects of light, temperature, nitrate, orthophosphate, and bacteria on growth of and hepatotoxin production by Oscillatoria agardhii strains. Appl. Environ. Microbiol., 56(9), pp.2658-2666.",OD_595,5.7948046382343125e-09,-6.859267555653611e-06,0.003499262061043894,0.5267617844674699,0.88396632498889,-12.572370745620294
"Oscillatoria agardhii StrainCYA 128_20_Z8_Sivonen, K., 1990. Effects of light, temperature, nitrate, orthophosphate, and bacteria on growth of and hepatotoxin production by Oscillatoria agardhii strains. Appl. Environ. Microbiol., 56(9), pp.2658-2666.",OD_595,-1.5449036945044582e-08,8.46465768572518e-06,0.0012541584694385928,0.5532864091741188,0.8040106667555788,-3.523129997603945
"Oscillatoria agardhii StrainCYA 128_25_Z8_Sivonen, K., 1990. Effects of light, temperature, nitrate, orthophosphate, and bacteria on growth of and hepatotoxin production by Oscillatoria agardhii strains. Appl. Environ. Microbiol., 56(9), pp.2658-2666.",OD_595,-7.496413689909253e-09,2.4100757901956253e-06,0.002980124114226479,0.57252449370974,0.9857947204802625,-16.95043845491289
"Oscillatoria agardhii StrainCYA 128_30_Z8_Sivonen, K., 1990. Effects of light, temperature, nitrate, orthophosphate, and bacteria on growth of and hepatotoxin production by Oscillatoria agardhii strains. Appl. Environ. Microbiol., 56(9), pp.2658-2666.",OD_595,1.1162826957049073e-08,-1.3832007285225594e-05,0.006355159368416381,0.5601920264179155,0.9524845472334607,-10.125750248619966
"Pantoea.agglomerans..RDA.R._15_TSB_Bae, Y.M., Zheng, L., Hyun, J.E., Jung, K.S., Heu, S. and Lee, S.Y., 2014. Growth characteristics and biofilm formation of various spoilage bacteria isolated from fresh produce. Journal of food science, 79(10), pp.M2072-M2080.",OD_595,3.0123683226948233e-07,-0.00025619727676263153,0.0614349666117367,-4.581040621446192,0.04309886324445267,-69.16625715105395
"Pantoea.agglomerans..RDA.R._25_TSB_Bae, Y.M., Zheng, L., Hyun, J.E., Jung, K.S., Heu, S. and Lee, S.Y., 2014. Growth characteristics and biofilm formation of various spoilage bacteria isolated from fresh produce. Journal of food science, 79(10), pp.M2072-M2080.",OD_595,1.0738509836021124e-05,-0.0027681958407599406,0.19785423662898155,-3.949037373756421,0.13362033243913607,-39.94020196520486
"Pantoea.agglomerans..RDA.R._35_TSB_Bae, Y.M., Zheng, L., Hyun, J.E., Jung, K.S., Heu, S. and Lee, S.Y., 2014. Growth characteristics and biofilm formation of various spoilage bacteria isolated from fresh produce. Journal of food science, 79(10), pp.M2072-M2080.",OD_595,1.355876116433051e-05,-0.0032517987107083934,0.2046012218089416,-3.317530729677227,-1.5649305232574742,-25.705148120871385
"Pantoea.agglomerans..RDA.R._5_TSB_Bae, Y.M., Zheng, L., Hyun, J.E., Jung, K.S., Heu, S. and Lee, S.Y., 2014. Growth characteristics and biofilm formation of various spoilage bacteria isolated from fresh produce. Journal of food science, 79(10), pp.M2072-M2080.",OD_595,7.226324526994702e-08,-9.580586378357507e-05,0.03935421862932097,-5.780233057899876,0.8209682124958222,-149.7513452834507
"Pantoea.agglomerans.1_15_TSB_Bae, Y.M., Zheng, L., Hyun, J.E., Jung, K.S., Heu, S. and Lee, S.Y., 2014. Growth characteristics and biofilm formation of various spoilage bacteria isolated from fresh produce. Journal of food science, 79(10), pp.M2072-M2080.",OD_595,2.1241980657190664e-07,-0.00017815495658973318,0.04120983255308421,-3.0632455486356447,0.47912578367273284,-93.15507360177645
"Pantoea.agglomerans.1_25_TSB_Bae, Y.M., Zheng, L., Hyun, J.E., Jung, K.S., Heu, S. and Lee, S.Y., 2014. Growth characteristics and biofilm formation of various spoilage bacteria isolated from fresh produce. Journal of food science, 79(10), pp.M2072-M2080.",OD_595,1.38490463401564e-06,-0.0006677704098912869,0.09412760013937009,-4.230000574065399,0.9073458970842558,-69.27971395383352
"Pantoea.agglomerans.1_35_TSB_Bae, Y.M., Zheng, L., Hyun, J.E., Jung, K.S., Heu, S. and Lee, S.Y., 2014. Growth characteristics and biofilm formation of various spoilage bacteria isolated from fresh produce. Journal of food science, 79(10), pp.M2072-M2080.",OD_595,1.2336775501665055e-05,-0.0031194728123720857,0.21540833814800048,-3.859028281321974,-0.6893990991920993,-27.629312070949958
"Pantoea.agglomerans.1_5_TSB_Bae, Y.M., Zheng, L., Hyun, J.E., Jung, K.S., Heu, S. and Lee, S.Y., 2014. Growth characteristics and biofilm formation of various spoilage bacteria isolated from fresh produce. Journal of food science, 79(10), pp.M2072-M2080.",OD_595,7.524183377233979e-08,-9.426881957969632e-05,0.03549927289797639,-4.573704786573732,0.25403989416893025,-112.37528313878722
"Pantoea.agglomerans.2_15_TSB_Bae, Y.M., Zheng, L., Hyun, J.E., Jung, K.S., Heu, S. and Lee, S.Y., 2014. Growth characteristics and biofilm formation of various spoilage bacteria isolated from fresh produce. Journal of food science, 79(10), pp.M2072-M2080.",OD_595,2.2594185321296303e-07,-0.00018261138608465053,0.03989419392111552,-3.1119869495689834,0.3239252039590691,-84.67635507710618
"Pantoea.agglomerans.2_25_TSB_Bae, Y.M., Zheng, L., Hyun, J.E., Jung, K.S., Heu, S. and Lee, S.Y., 2014. Growth characteristics and biofilm formation of various spoilage bacteria isolated from fresh produce. Journal of food science, 79(10), pp.M2072-M2080.",OD_595,1.9233135557649864e-06,-0.0008683476810990206,0.1121842801559454,-4.656071807692446,0.6567890152742843,-50.76935503694222
"Pantoea.agglomerans.2_35_TSB_Bae, Y.M., Zheng, L., Hyun, J.E., Jung, K.S., Heu, S. and Lee, S.Y., 2014. Growth characteristics and biofilm formation of various spoilage bacteria isolated from fresh produce. Journal of food science, 79(10), pp.M2072-M2080.",OD_595,1.0817051254652346e-05,-0.0027196429408969853,0.18305468762880917,-3.376507029339387,0.02563920427087063,-32.65783680470557
"Pantoea.agglomerans.2_5_TSB_Bae, Y.M., Zheng, L., Hyun, J.E., Jung, K.S., Heu, S. and Lee, S.Y., 2014. Growth characteristics and biofilm formation of various spoilage bacteria isolated from fresh produce. Journal of food science, 79(10), pp.M2072-M2080.",OD_595,6.89747007986876e-08,-9.410373106977408e-05,0.038240479853658714,-5.178857754743073,0.7045238625749299,-136.4353014991019
"Pectobacterium.carotovorum.subsp..Carotovorum.Pcc2_15_TSB_Bae, Y.M., Zheng, L., Hyun, J.E., Jung, K.S., Heu, S. and Lee, S.Y., 2014. Growth characteristics and biofilm formation of various spoilage bacteria isolated from fresh produce. Journal of food science, 79(10), pp.M2072-M2080.",OD_595,2.782556141584004e-07,-0.0002388988600783326,0.059646663779850104,-4.63543774129195,-0.9344698798390809,-63.00067499066195
"Pectobacterium.carotovorum.subsp..Carotovorum.Pcc2_25_TSB_Bae, Y.M., Zheng, L., Hyun, J.E., Jung, K.S., Heu, S. and Lee, S.Y., 2014. Growth characteristics and biofilm formation of various spoilage bacteria isolated from fresh produce. Journal of food science, 79(10), pp.M2072-M2080.",OD_595,-1.2941022177892008e-06,-0.0003116812562471737,0.10935366057391999,-6.506908201812239,0.6859114125691237,-57.29795521346382
"Pectobacterium.carotovorum.subsp..Carotovorum.Pcc2_35_TSB_Bae, Y.M., Zheng, L., Hyun, J.E., Jung, K.S., Heu, S. and Lee, S.Y., 2014. Growth characteristics and biofilm formation of various spoilage bacteria isolated from fresh produce. Journal of food science, 79(10), pp.M2072-M2080.",OD_595,6.551615103678638e-06,-0.0018144465498361648,0.13082038516827896,-3.258428172277211,0.29699441548180583,-65.15912337812065
"Pectobacterium.carotovorum.subsp..Carotovorum.Pcc2_5_TSB_Bae, Y.M., Zheng, L., Hyun, J.E., Jung, K.S., Heu, S. and Lee, S.Y., 2014. Growth characteristics and biofilm formation of various spoilage bacteria isolated from fresh produce. Journal of food science, 79(10), pp.M2072-M2080.",OD_595,8.769096641192013e-09,1.4166589872736701e-06,-0.0011760569692013743,-5.581249709788615,0.9252119237841435,-325.73333580524667
"Pseudomonas sp._12_APT Broth_Stannard, C.J., Williams, A.P. and Gibbs, P.A., 1985. Temperature/growth relationships for psychrotrophic food-spoilage bacteria. Food Microbiology, 2(2), pp.115-122.",OD_595,5.641822770774034e-05,-0.01210709817157494,0.8903858222192261,-9.972971986715024,0.9965955484144201,142.68716919640013
"Pseudomonas sp._15_APT Broth_Stannard, C.J., Williams, A.P. and Gibbs, P.A., 1985. Temperature/growth relationships for psychrotrophic food-spoilage bacteria. Food Microbiology, 2(2), pp.115-122.",OD_595,5.522122225593026e-05,-0.011332422134312233,0.7905920915522929,-5.724944901948442,0.715467046080557,180.50263088683008
"Pseudomonas sp._2_APT Broth_Stannard, C.J., Williams, A.P. and Gibbs, P.A., 1985. Temperature/growth relationships for psychrotrophic food-spoilage bacteria. Food Microbiology, 2(2), pp.115-122.",OD_595,2.8462210382455055e-09,-7.342684420707615e-05,0.06201096708729378,0.1230699033556911,0.997590534943577,118.35850026164903
"Pseudomonas spp._10_Cooked Chicken Breast_Galarz, L.A., Fonseca, G.G. and Prentice, C., 2016. Predicting bacterial growth in raw, salted, and cooked chicken breast fillets during storage. Food Science and Technology International, 22(6), pp.461-474.",OD_595,9.980837979946312e-07,-0.000757116605333442,0.17779528996536936,-5.2410271960628565,0.9443205219666732,132.75118909237113
"Pseudomonas spp._10_Raw Chicken Breast_Galarz, L.A., Fonseca, G.G. and Prentice, C., 2016. Predicting bacterial growth in raw, salted, and cooked chicken breast fillets during storage. Food Science and Technology International, 22(6), pp.461-474.",OD_595,-2.044856483518986e-06,0.00043576082162996235,0.035698684881607844,-0.8782811177633787,0.8616354050779337,151.818412976334
"Pseudomonas spp._10_Salted Chicken Breast_Galarz, L.A., Fonseca, G.G. and Prentice, C., 2016. Predicting bacterial growth in raw, salted, and cooked chicken breast fillets during storage. Food Science and Technology International, 22(6), pp.461-474.",OD_595,-2.1855294286061606e-06,0.00047887985292880563,0.02393366532819512,-0.6791666048820999,0.7182784972716834,125.92972155931974
"Pseudomonas spp._15_Cooked Chicken Breast_Galarz, L.A., Fonseca, G.G. and Prentice, C., 2016. Predicting bacterial growth in raw, salted, and cooked chicken breast fillets during storage. Food Science and Technology International, 22(6), pp.461-474.",OD_595,-1.5615736088317465e-06,-0.0004721677850605382,0.16162989786842158,-1.3193575417955528,0.9597327211474176,154.64266359725193
"Pseudomonas spp._15_Raw Chicken Breast_Galarz, L.A., Fonseca, G.G. and Prentice, C., 2016. Predicting bacterial growth in raw, salted, and cooked chicken breast fillets during storage. Food Science and Technology International, 22(6), pp.461-474.",OD_595,-4.989811303818612e-06,0.0005925781110958143,0.07543618751618884,-0.3557614144877776,0.9955076956129382,125.87070367064027
"Pseudomonas spp._15_Salted Chicken Breast_Galarz, L.A., Fonseca, G.G. and Prentice, C., 2016. Predicting bacterial growth in raw, salted, and cooked chicken breast fillets during storage. Food Science and Technology International, 22(6), pp.461-474.",OD_595,-2.5455879899025735e-06,0.00018002688340606522,0.07581289396381612,-0.34149620268148734,0.9971844623368126,79.14086542122527
"Pseudomonas spp._20_Cooked Chicken Breast_Galarz, L.A., Fonseca, G.G. and Prentice, C., 2016. Predicting bacterial growth in raw, salted, and cooked chicken breast fillets during storage. Food Science and Technology International, 22(6), pp.461-474.",OD_595,-0.00012791452836445697,0.010777756990280626,-0.06656059073466813,0.08999113384777975,0.9492224063935473,103.99197111187334
"Pseudomonas spp._20_Raw Chicken Breast_Galarz, L.A., Fonseca, G.G. and Prentice, C., 2016. Predicting bacterial growth in raw, salted, and cooked chicken breast fillets during storage. Food Science and Technology International, 22(6), pp.461-474.",OD_595,-3.816869919415345e-05,0.003214411832441034,0.0791065694236746,0.05177958020837951,0.9871565662600227,100.42432665696232
"Pseudomonas spp._20_Salted Chicken Breast_Galarz, L.A., Fonseca, G.G. and Prentice, C., 2016. Predicting bacterial growth in raw, salted, and cooked chicken breast fillets during storage. Food Science and Technology International, 22(6), pp.461-474.",OD_595,-4.481517834756285e-05,0.0036195448143979906,0.06851238525618589,-0.8715569160731398,0.9914241988258675,58.448031493159185
"Pseudomonas spp._2_Cooked Chicken Breast_Galarz, L.A., Fonseca, G.G. and Prentice, C., 2016. Predicting bacterial growth in raw, salted, and cooked chicken breast fillets during storage. Food Science and Technology International, 22(6), pp.461-474.",OD_595,-1.0905053705468457e-07,9.869979663017875e-05,-0.007209626940475765,0.16340650728490144,0.6974271634871442,130.9818975390665
"Pseudomonas spp._2_Raw Chicken Breast_Galarz, L.A., Fonseca, G.G. and Prentice, C., 2016. Predicting bacterial growth in raw, salted, and cooked chicken breast fillets during storage. Food Science and Technology International, 22(6), pp.461-474.",OD_595,-2.0490572613907196e-08,-1.1332992539628456e-05,0.027583699663418306,-1.8787246518845377,0.8744328069293938,101.17309122271743
"Pseudomonas spp._2_Salted Chicken Breast_Galarz, L.A., Fonseca, G.G. and Prentice, C., 2016. Predicting bacterial growth in raw, salted, and cooked chicken breast fillets during storage. Food Science and Technology International, 22(6), pp.461-474.",OD_595,-4.815019349355087e-08,2.6750971579936356e-05,0.012218500469661572,-0.543885345565143,0.47036453877699524,109.24460459640147
"Pseudomonas spp._4_Cooked Chicken Breast_Galarz, L.A., Fonseca, G.G. and Prentice, C., 2016. Predicting bacterial growth in raw, salted, and cooked chicken breast fillets during storage. Food Science and Technology International, 22(6), pp.461-474.",OD_595,1.230937390401841e-07,-0.0002136271131405497,0.11759480339595109,-13.821766506844355,0.9483921657894661,62.9078432523405
"Pseudomonas spp._4_Raw Chicken Breast_Galarz, L.A., Fonseca, G.G. and Prentice, C., 2016. Predicting bacterial growth in raw, salted, and cooked chicken breast fillets during storage. Food Science and Technology International, 22(6), pp.461-474.",OD_595,-2.96506930891864e-08,-2.1823177097791216e-05,0.03756715364542286,-2.4820990319704173,0.9665792298619249,72.07322486017506
"Pseudomonas spp._4_Salted Chicken Breast_Galarz, L.A., Fonseca, G.G. and Prentice, C., 2016. Predicting bacterial growth in raw, salted, and cooked chicken breast fillets during storage. Food Science and Technology International, 22(6), pp.461-474.",OD_595,-8.030145082016718e-08,2.6146045201392342e-05,0.02034701974569526,-1.8244860240653953,0.7662606959631191,56.26800671154804
"Pseudomonas spp._7_Cooked Chicken Breast_Galarz, L.A., Fonseca, G.G. and Prentice, C., 2016. Predicting bacterial growth in raw, salted, and cooked chicken breast fillets during storage. Food Science and Technology International, 22(6), pp.461-474.",OD_595,-8.489951749392194e-07,0.00045490970046661156,-0.038819230186634864,0.2968621213389425,0.9267791886596651,119.83370313651712
"Pseudomonas spp._7_Raw Chicken Breast_Galarz, L.A., Fonseca, G.G. and Prentice, C., 2016. Predicting bacterial growth in raw, salted, and cooked chicken breast fillets during storage. Food Science and Technology International, 22(6), pp.461-474.",OD_595,-4.483422795878692e-07,0.0001436662888331269,0.028501207362748464,-3.0424822920358263,0.9524809883855254,87.01519244059065
"Pseudomonas spp._7_Salted Chicken Breast_Galarz, L.A., Fonseca, G.G. and Prentice, C., 2016. Predicting bacterial growth in raw, salted, and cooked chicken breast fillets during storage. Food Science and Technology International, 22(6), pp.461-474.",OD_595,-7.671434994831778e-07,0.0003783753213207355,-0.02732207374241251,0.4436998480275867,0.9576809974554719,72.96509008321505
"Pseudomonas.fluorescens.1_15_TSB_Bae, Y.M., Zheng, L., Hyun, J.E., Jung, K.S., Heu, S. and Lee, S.Y., 2014. Growth characteristics and biofilm formation of various spoilage bacteria isolated from fresh produce. Journal of food science, 79(10), pp.M2072-M2080.",OD_595,2.077814118751264e-07,-0.00018083512520910145,0.04506241650199279,-4.478986392797168,0.49264514921552394,-121.0620835168184
"Pseudomonas.fluorescens.1_25_TSB_Bae, Y.M., Zheng, L., Hyun, J.E., Jung, K.S., Heu, S. and Lee, S.Y., 2014. Growth characteristics and biofilm formation of various spoilage bacteria isolated from fresh produce. Journal of food science, 79(10), pp.M2072-M2080.",OD_595,5.505047869053613e-06,-0.0015381873432038565,0.12122981289428877,-4.024532018143654,0.8178753885433427,-79.94156813828478
"Pseudomonas.fluorescens.1_35_TSB_Bae, Y.M., Zheng, L., Hyun, J.E., Jung, K.S., Heu, S. and Lee, S.Y., 2014. Growth characteristics and biofilm formation of various spoilage bacteria isolated from fresh produce. Journal of food science, 79(10), pp.M2072-M2080.",OD_595,7.346643637315285e-06,-0.00186773794452818,0.13365193497918665,-4.002843960440134,0.424128704080979,-93.44728061834802
"Pseudomonas.fluorescens.1_5_TSB_Bae, Y.M., Zheng, L., Hyun, J.E., Jung, K.S., Heu, S. and Lee, S.Y., 2014. Growth characteristics and biofilm formation of various spoilage bacteria isolated from fresh produce. Journal of food science, 79(10), pp.M2072-M2080.",OD_595,5.396054167547665e-08,-7.188274218689887e-05,0.029205644925483675,-4.914468539451341,0.9005747426446518,-199.71447997019555
"Pseudomonas.fluorescens.2_15_TSB_Bae, Y.M., Zheng, L., Hyun, J.E., Jung, K.S., Heu, S. and Lee, S.Y., 2014. Growth characteristics and biofilm formation of various spoilage bacteria isolated from fresh produce. Journal of food science, 79(10), pp.M2072-M2080.",OD_595,1.502397547378819e-07,-0.00013162273328425303,0.034022438821686055,-3.7687755989484253,0.5736284144267549,-125.01532873272927
"Pseudomonas.fluorescens.2_25_TSB_Bae, Y.M., Zheng, L., Hyun, J.E., Jung, K.S., Heu, S. and Lee, S.Y., 2014. Growth characteristics and biofilm formation of various spoilage bacteria isolated from fresh produce. Journal of food science, 79(10), pp.M2072-M2080.",OD_595,5.2678713139522594e-06,-0.0014087435675352266,0.11250761979119056,-3.7678451223078238,0.824442042548088,-63.970821397548264
"Pseudomonas.fluorescens.2_35_TSB_Bae, Y.M., Zheng, L., Hyun, J.E., Jung, K.S., Heu, S. and Lee, S.Y., 2014. Growth characteristics and biofilm formation of various spoilage bacteria isolated from fresh produce. Journal of food science, 79(10), pp.M2072-M2080.",OD_595,5.854424192231441e-06,-0.0014985356887000786,0.10470647061599214,-3.112792493253028,0.5003333957018268,-78.52495750591461
"Pseudomonas.fluorescens.2_5_TSB_Bae, Y.M., Zheng, L., Hyun, J.E., Jung, K.S., Heu, S. and Lee, S.Y., 2014. Growth characteristics and biofilm formation of various spoilage bacteria isolated from fresh produce. Journal of food science, 79(10), pp.M2072-M2080.",OD_595,3.132240299724694e-08,-4.901136554098479e-05,0.024766315995450486,-5.887882524979196,0.9907425123073296,-283.8604530947332
"Salmonella Typhimurium_10_Vacuum Beef Striploins_Gill, C.O. and DeLacy, K.M., 1991. Growth of Escherichia coli and Salmonella typhimurium on high-pH beef packed under vacuum or carbon dioxide. International journal of food microbiology, 13(1), pp.21-30.",OD_595,-0.017170498692193684,0.19500132898886646,-0.12145626106982069,3.834212981136636,0.9967976805273057,31.159277864890832
"Salmonella Typhimurium_12_C02 Beef Striploins_Gill, C.O. and DeLacy, K.M., 1991. Growth of Escherichia coli and Salmonella typhimurium on high-pH beef packed under vacuum or carbon dioxide. International journal of food microbiology, 13(1), pp.21-30.",OD_595,-0.011401454798599244,0.17094943034457658,-0.4550759356793207,4.244542349694844,0.9779328248533894,46.78035407140594
"Salmonella Typhimurium_12_Vacuum Beef Striploins_Gill, C.O. and DeLacy, K.M., 1991. Growth of Escherichia coli and Salmonella typhimurium on high-pH beef packed under vacuum or carbon dioxide. International journal of food microbiology, 13(1), pp.21-30.",OD_595,-0.004283693906662601,0.01329521825818798,0.8009839362897022,3.398425674452201,0.988155631751722,54.530326187014545
"Salmonella Typhimurium_15_C02 Beef Striploins_Gill, C.O. and DeLacy, K.M., 1991. Growth of Escherichia coli and Salmonella typhimurium on high-pH beef packed under vacuum or carbon dioxide. International journal of food microbiology, 13(1), pp.21-30.",OD_595,-0.0351004979611689,0.31798041438848623,-0.003671292418020767,3.8361251998639925,0.9760692534247399,75.4142039096083
"Salmonella Typhimurium_20_C02 Beef Striploins_Gill, C.O. and DeLacy, K.M., 1991. Growth of Escherichia coli and Salmonella typhimurium on high-pH beef packed under vacuum or carbon dioxide. International journal of food microbiology, 13(1), pp.21-30.",OD_595,-1.3359603368753155,3.239437046509209,0.8341493075083782,4.434795682890293,0.900886224302945,87.0491946950695
"Salmonella Typhimurium_30_C02 Beef Striploins_Gill, C.O. and DeLacy, K.M., 1991. Growth of Escherichia coli and Salmonella typhimurium on high-pH beef packed under vacuum or carbon dioxide. International journal of food microbiology, 13(1), pp.21-30.",OD_595,-1.119950308999613,-0.9800135537049195,6.77354692250845,3.9589072469620414,0.9252882198648054,98.65718081799548
"Salmonella Typhimurium_30_Vacuum Beef Striploins_Gill, C.O. and DeLacy, K.M., 1991. Growth of Escherichia coli and Salmonella typhimurium on high-pH beef packed under vacuum or carbon dioxide. International journal of food microbiology, 13(1), pp.21-30.",OD_595,-4.770709483101539,5.5370121456426435,4.358344830821382,3.6631765293233123,0.9542725776257965,82.81390383214202
"Salmonella Typhimurium_8_Vacuum Beef Striploins_Gill, C.O. and DeLacy, K.M., 1991. Growth of Escherichia coli and Salmonella typhimurium on high-pH beef packed under vacuum or carbon dioxide. International journal of food microbiology, 13(1), pp.21-30.",OD_595,0.015947878292242753,-0.05506336660163711,-0.11154947327550929,4.009719900361963,0.9978628770096832,11.393390616970352
"Spoilage_10_C02 Beef Striploins_Gill, C.O. and DeLacy, K.M., 1991. Growth of Escherichia coli and Salmonella typhimurium on high-pH beef packed under vacuum or carbon dioxide. International journal of food microbiology, 13(1), pp.21-30.",OD_595,-0.00816767188049243,0.13478320501381041,-0.10218819201408685,5.350656274020218,0.9348710715179467,137.85911538194478
"Spoilage_10_Vacuum Beef Striploins_Gill, C.O. and DeLacy, K.M., 1991. Growth of Escherichia coli and Salmonella typhimurium on high-pH beef packed under vacuum or carbon dioxide. International journal of food microbiology, 13(1), pp.21-30.",OD_595,0.01142759095093221,-0.2505142122934375,1.8936165100749305,4.891541289481481,0.9966274310064451,75.99766972823764
"Spoilage_12_C02 Beef Striploins_Gill, C.O. and DeLacy, K.M., 1991. Growth of Escherichia coli and Salmonella typhimurium on high-pH beef packed under vacuum or carbon dioxide. International journal of food microbiology, 13(1), pp.21-30.",OD_595,-0.02188791977529624,0.2537521167110619,0.0518636144945374,4.177113429220563,0.8498455078901802,115.30355309713948
"Spoilage_12_Vacuum Beef Striploins_Gill, C.O. and DeLacy, K.M., 1991. Growth of Escherichia coli and Salmonella typhimurium on high-pH beef packed under vacuum or carbon dioxide. International journal of food microbiology, 13(1), pp.21-30.",OD_595,-0.08825218275590022,0.7631602453632109,-0.7315418866876884,5.260349547934815,0.9849034856492707,86.56031133216246
"Spoilage_15_C02 Beef Striploins_Gill, C.O. and DeLacy, K.M., 1991. Growth of Escherichia coli and Salmonella typhimurium on high-pH beef packed under vacuum or carbon dioxide. International journal of food microbiology, 13(1), pp.21-30.",OD_595,-0.03216526031139987,0.36292078673826716,-0.3271217091807581,4.724434655380828,0.9846167953602324,87.10601241720795
"Spoilage_20_C02 Beef Striploins_Gill, C.O. and DeLacy, K.M., 1991. Growth of Escherichia coli and Salmonella typhimurium on high-pH beef packed under vacuum or carbon dioxide. International journal of food microbiology, 13(1), pp.21-30.",OD_595,-0.11255361392554596,0.9976206634654762,0.3856266481399965,5.2808389379287615,0.992476899969012,68.20846577954549
"Spoilage_30_C02 Beef Striploins_Gill, C.O. and DeLacy, K.M., 1991. Growth of Escherichia coli and Salmonella typhimurium on high-pH beef packed under vacuum or carbon dioxide. International journal of food microbiology, 13(1), pp.21-30.",OD_595,-0.8010003225092447,2.2950768282770215,1.3119597247438863,4.480453581249184,0.999146709462872,63.96011366893939
"Spoilage_8_Vacuum Beef Striploins_Gill, C.O. and DeLacy, K.M., 1991. Growth of Escherichia coli and Salmonella typhimurium on high-pH beef packed under vacuum or carbon dioxide. International journal of food microbiology, 13(1), pp.21-30.",OD_595,-0.06255368029074984,0.5090331744825172,0.02858100565099179,4.556487149430075,0.8062235709993555,117.8084411506235
"Staphylococcus spp._10_Cooked Chicken Breast_Galarz, L.A., Fonseca, G.G. and Prentice, C., 2016. Predicting bacterial growth in raw, salted, and cooked chicken breast fillets during storage. Food Science and Technology International, 22(6), pp.461-474.",OD_595,2.717018870070274e-07,-0.00027792077093115515,0.08718498339979137,-2.327370237033553,0.965575412713278,90.35808223524704
"Staphylococcus spp._10_Raw Chicken Breast_Galarz, L.A., Fonseca, G.G. and Prentice, C., 2016. Predicting bacterial growth in raw, salted, and cooked chicken breast fillets during storage. Food Science and Technology International, 22(6), pp.461-474.",OD_595,-3.6347432756277104e-06,0.0010062251450466348,-0.02001694567659045,-0.11046062419141182,0.7798506650589445,133.5312336087395
"Staphylococcus spp._10_Salted Chicken Breast_Galarz, L.A., Fonseca, G.G. and Prentice, C., 2016. Predicting bacterial growth in raw, salted, and cooked chicken breast fillets during storage. Food Science and Technology International, 22(6), pp.461-474.",OD_595,-1.2427893779850291e-06,0.00021661016212824215,0.045411359221224516,-0.41152319225020567,0.9833461498072966,123.1025143161094
"Staphylococcus spp._15_Cooked Chicken Breast_Galarz, L.A., Fonseca, G.G. and Prentice, C., 2016. Predicting bacterial growth in raw, salted, and cooked chicken breast fillets during storage. Food Science and Technology International, 22(6), pp.461-474.",OD_595,-1.927466541858295e-06,-0.00011222196804102956,0.12206064230682974,-2.294486422139013,0.9948792467619196,90.75225919253826
"Staphylococcus spp._15_Raw Chicken Breast_Galarz, L.A., Fonseca, G.G. and Prentice, C., 2016. Predicting bacterial growth in raw, salted, and cooked chicken breast fillets during storage. Food Science and Technology International, 22(6), pp.461-474.",OD_595,-1.0117554375328565e-05,0.0018015818357725382,-0.01838167274818004,0.569756766236825,0.904020365927348,93.53885251625502
"Staphylococcus spp._15_Salted Chicken Breast_Galarz, L.A., Fonseca, G.G. and Prentice, C., 2016. Predicting bacterial growth in raw, salted, and cooked chicken breast fillets during storage. Food Science and Technology International, 22(6), pp.461-474.",OD_595,-9.52098438773419e-06,0.0017353728768100432,-0.014418703233785145,1.002445904038951,0.9932549796144489,110.94867281569742
"Staphylococcus spp._20_Cooked Chicken Breast_Galarz, L.A., Fonseca, G.G. and Prentice, C., 2016. Predicting bacterial growth in raw, salted, and cooked chicken breast fillets during storage. Food Science and Technology International, 22(6), pp.461-474.",OD_595,-2.6728813509440725e-05,0.002310023456652127,0.09294014636280086,-0.514994541865129,0.9941199116978978,80.50734195333607
"Staphylococcus spp._20_Raw Chicken Breast_Galarz, L.A., Fonseca, G.G. and Prentice, C., 2016. Predicting bacterial growth in raw, salted, and cooked chicken breast fillets during storage. Food Science and Technology International, 22(6), pp.461-474.",OD_595,-9.888106726983008e-05,0.008760323571469905,-0.08354637016654802,1.3502022355953767,0.9940673591729164,66.58599477292572
"Staphylococcus spp._20_Salted Chicken Breast_Galarz, L.A., Fonseca, G.G. and Prentice, C., 2016. Predicting bacterial growth in raw, salted, and cooked chicken breast fillets during storage. Food Science and Technology International, 22(6), pp.461-474.",OD_595,-4.346462151096143e-05,0.004529827796681616,0.003304203540413801,0.44692601029608525,0.9598328702508382,98.99188363477587
"Staphylococcus spp._2_Cooked Chicken Breast_Galarz, L.A., Fonseca, G.G. and Prentice, C., 2016. Predicting bacterial growth in raw, salted, and cooked chicken breast fillets during storage. Food Science and Technology International, 22(6), pp.461-474.",OD_595,-4.91021799585731e-08,3.6528250935692174e-05,0.0019664619332107566,-0.49546687910504256,0.6746323744363607,41.40154313023271
"Staphylococcus spp._2_Raw Chicken Breast_Galarz, L.A., Fonseca, G.G. and Prentice, C., 2016. Predicting bacterial growth in raw, salted, and cooked chicken breast fillets during storage. Food Science and Technology International, 22(6), pp.461-474.",OD_595,-9.802608789594153e-08,9.606514424119296e-05,-0.011723434893103775,0.37080421965220484,0.998177401751253,51.665550021644925
"Staphylococcus spp._2_Salted Chicken Breast_Galarz, L.A., Fonseca, G.G. and Prentice, C., 2016. Predicting bacterial growth in raw, salted, and cooked chicken breast fillets during storage. Food Science and Technology International, 22(6), pp.461-474.",OD_595,-5.3593117462752896e-08,4.880975091266616e-05,0.001447150989555371,-0.3268287261937998,0.9989426682593591,45.78299536696804
"Staphylococcus spp._4_Cooked Chicken Breast_Galarz, L.A., Fonseca, G.G. and Prentice, C., 2016. Predicting bacterial growth in raw, salted, and cooked chicken breast fillets during storage. Food Science and Technology International, 22(6), pp.461-474.",OD_595,1.7029958997085146e-08,-6.514958720456604e-05,0.05190854777553528,-5.978268343782543,0.8774311328003541,60.158824862461856
"Staphylococcus spp._4_Raw Chicken Breast_Galarz, L.A., Fonseca, G.G. and Prentice, C., 2016. Predicting bacterial growth in raw, salted, and cooked chicken breast fillets during storage. Food Science and Technology International, 22(6), pp.461-474.",OD_595,-1.0514035997521801e-07,8.865813292452473e-05,-0.006499410571031981,0.07567531019885687,0.8322155023756018,69.60125015423989
"Staphylococcus spp._4_Salted Chicken Breast_Galarz, L.A., Fonseca, G.G. and Prentice, C., 2016. Predicting bacterial growth in raw, salted, and cooked chicken breast fillets during storage. Food Science and Technology International, 22(6), pp.461-474.",OD_595,-4.546465302295593e-08,6.761730605415114e-06,0.025293136773576703,-2.5855540867898417,0.9889101958719824,42.99117308988784
"Staphylococcus spp._7_Cooked Chicken Breast_Galarz, L.A., Fonseca, G.G. and Prentice, C., 2016. Predicting bacterial growth in raw, salted, and cooked chicken breast fillets during storage. Food Science and Technology International, 22(6), pp.461-474.",OD_595,-4.4311745391565393e-07,0.0002851735564765864,-0.030445804430225386,0.6765807945059482,0.9535423359928401,94.37370535072417
"Staphylococcus spp._7_Raw Chicken Breast_Galarz, L.A., Fonseca, G.G. and Prentice, C., 2016. Predicting bacterial growth in raw, salted, and cooked chicken breast fillets during storage. Food Science and Technology International, 22(6), pp.461-474.",OD_595,-7.117415443397438e-07,0.0002973739934994378,0.00025229455470223393,-0.20594856788908508,0.8748101342339492,157.6968168368876
"Staphylococcus spp._7_Salted Chicken Breast_Galarz, L.A., Fonseca, G.G. and Prentice, C., 2016. Predicting bacterial growth in raw, salted, and cooked chicken breast fillets during storage. Food Science and Technology International, 22(6), pp.461-474.",OD_595,-5.954549521402636e-07,0.000278124421063937,-0.004517044885403826,-0.2661564480353351,0.9767934066067161,123.45052577574732
"Stenotrophomonas.maltophilia..RDA.R._15_TSB_Bae, Y.M., Zheng, L., Hyun, J.E., Jung, K.S., Heu, S. and Lee, S.Y., 2014. Growth characteristics and biofilm formation of various spoilage bacteria isolated from fresh produce. Journal of food science, 79(10), pp.M2072-M2080.",OD_595,1.8085714473375876e-07,-0.0001611801077892316,0.042706998143792384,-4.732705125917395,0.5566157892232324,-128.8253920538205
"Stenotrophomonas.maltophilia..RDA.R._25_TSB_Bae, Y.M., Zheng, L., Hyun, J.E., Jung, K.S., Heu, S. and Lee, S.Y., 2014. Growth characteristics and biofilm formation of various spoilage bacteria isolated from fresh produce. Journal of food science, 79(10), pp.M2072-M2080.",OD_595,6.1413581966344435e-06,-0.0016657768095369903,0.1330650852397315,-4.438657598048558,0.7476654853502009,-71.9564536204616
"Stenotrophomonas.maltophilia..RDA.R._35_TSB_Bae, Y.M., Zheng, L., Hyun, J.E., Jung, K.S., Heu, S. and Lee, S.Y., 2014. Growth characteristics and biofilm formation of various spoilage bacteria isolated from fresh produce. Journal of food science, 79(10), pp.M2072-M2080.",OD_595,7.250094069546235e-06,-0.0018520426194725164,0.13116157037334414,-4.207575864570709,0.4513752157311953,-90.57141431941044
"Stenotrophomonas.maltophilia..RDA.R._5_TSB_Bae, Y.M., Zheng, L., Hyun, J.E., Jung, K.S., Heu, S. and Lee, S.Y., 2014. Growth characteristics and biofilm formation of various spoilage bacteria isolated from fresh produce. Journal of food science, 79(10), pp.M2072-M2080.",OD_595,1.4334739281841993e-08,-2.762263070321667e-05,0.01748926437917219,-5.517137448178384,0.9958978675881573,-308.32100803050326
"Stenotrophomonas.maltophilia.1_15_TSB_Bae, Y.M., Zheng, L., Hyun, J.E., Jung, K.S., Heu, S. and Lee, S.Y., 2014. Growth characteristics and biofilm formation of various spoilage bacteria isolated from fresh produce. Journal of food science, 79(10), pp.M2072-M2080.",OD_595,1.4686119663750794e-07,-0.00013074878810852514,0.03285517142958299,-3.7033524570553276,0.6348322160887612,-138.6408908674941
"Stenotrophomonas.maltophilia.1_25_TSB_Bae, Y.M., Zheng, L., Hyun, J.E., Jung, K.S., Heu, S. and Lee, S.Y., 2014. Growth characteristics and biofilm formation of various spoilage bacteria isolated from fresh produce. Journal of food science, 79(10), pp.M2072-M2080.",OD_595,3.822765676957757e-06,-0.0010983939045232536,0.08860797970539012,-3.33351157581185,0.8008682512752822,-86.44262607199154
"Stenotrophomonas.maltophilia.1_35_TSB_Bae, Y.M., Zheng, L., Hyun, J.E., Jung, K.S., Heu, S. and Lee, S.Y., 2014. Growth characteristics and biofilm formation of various spoilage bacteria isolated from fresh produce. Journal of food science, 79(10), pp.M2072-M2080.",OD_595,5.499636111574591e-06,-0.001418636521633565,0.10250709278122856,-3.3385671796457492,0.7555438518011779,-91.70489978170137
"Stenotrophomonas.maltophilia.1_5_TSB_Bae, Y.M., Zheng, L., Hyun, J.E., Jung, K.S., Heu, S. and Lee, S.Y., 2014. Growth characteristics and biofilm formation of various spoilage bacteria isolated from fresh produce. Journal of food science, 79(10), pp.M2072-M2080.",OD_595,4.619299271673118e-08,-6.241802848161835e-05,0.02624519485651715,-4.930261576747427,0.9418265265521643,-223.65597813672653
"Stenotrophomonas.maltophilia.2_15_TSB_Bae, Y.M., Zheng, L., Hyun, J.E., Jung, K.S., Heu, S. and Lee, S.Y., 2014. Growth characteristics and biofilm formation of various spoilage bacteria isolated from fresh produce. Journal of food science, 79(10), pp.M2072-M2080.",OD_595,1.8943985900137987e-07,-0.00016999921078755394,0.042818840361207415,-4.160952104373116,0.5916402339369708,-122.86995280519187
"Stenotrophomonas.maltophilia.2_25_TSB_Bae, Y.M., Zheng, L., Hyun, J.E., Jung, K.S., Heu, S. and Lee, S.Y., 2014. Growth characteristics and biofilm formation of various spoilage bacteria isolated from fresh produce. Journal of food science, 79(10), pp.M2072-M2080.",OD_595,5.822502848561786e-06,-0.0015749023045695228,0.12782999778972454,-3.6339274730750857,0.8690583231317865,-74.50907448545377
"Stenotrophomonas.maltophilia.2_35_TSB_Bae, Y.M., Zheng, L., Hyun, J.E., Jung, K.S., Heu, S. and Lee, S.Y., 2014. Growth characteristics and biofilm formation of various spoilage bacteria isolated from fresh produce. Journal of food science, 79(10), pp.M2072-M2080.",OD_595,5.789527437380901e-06,-0.0014475983194511836,0.0995037102419484,-3.3881686327490557,0.6272465934154703,-98.94628258579708
"Stenotrophomonas.maltophilia.2_5_TSB_Bae, Y.M., Zheng, L., Hyun, J.E., Jung, K.S., Heu, S. and Lee, S.Y., 2014. Growth characteristics and biofilm formation of various spoilage bacteria isolated from fresh produce. Journal of food science, 79(10), pp.M2072-M2080.",OD_595,2.569185571059517e-08,-3.95369146142097e-05,0.01987654788748856,-4.6298615764088,0.9937427750072495,-271.3887167815096
"Tetraselmis tetrahele_16_ESAW_Bernhardt, J.R., Sunday, J.M. and O’Connor, M.I., 2018. Metabolic theory and the temperature-size rule explain the temperature dependence of population carrying capacity. The American naturalist, 192(6), pp.687-697.",OD_595,1.3948264882403564e-08,-2.803298307136975e-05,0.017359725539498706,6.5402969421656705,0.6401922211111812,1047.4629738071985
"Tetraselmis tetrahele_25_ESAW_Bernhardt, J.R., Sunday, J.M. and O’Connor, M.I., 2018. Metabolic theory and the temperature-size rule explain the temperature dependence of population carrying capacity. The American naturalist, 192(6), pp.687-697.",OD_595,6.095998972823194e-09,-1.2426079140051631e-05,0.00834218496221922,7.4419582511310445,0.6276767496279068,1022.7762356930604
"Tetraselmis tetrahele_32_ESAW_Bernhardt, J.R., Sunday, J.M. and O’Connor, M.I., 2018. Metabolic theory and the temperature-size rule explain the temperature dependence of population carrying capacity. The American naturalist, 192(6), pp.687-697.",OD_595,-1.0935905901620936e-08,1.358408994876894e-05,-0.0012113909638432948,6.411540361363445,0.3455939769602162,835.980538476012
"Tetraselmis tetrahele_5_ESAW_Bernhardt, J.R., Sunday, J.M. and O’Connor, M.I., 2018. Metabolic theory and the temperature-size rule explain the temperature dependence of population carrying capacity. The American naturalist, 192(6), pp.687-697.",OD_595,-6.295388319860042e-09,5.5752467329191435e-06,0.004222328545350814,6.2808014152405764,0.838881808856936,848.4294779990479
"Tetraselmis tetrahele_8_ESAW_Bernhardt, J.R., Sunday, J.M. and O’Connor, M.I., 2018. Metabolic theory and the temperature-size rule explain the temperature dependence of population carrying capacity. The American naturalist, 192(6), pp.687-697.",OD_595,6.347893735104301e-09,-1.6105584300808698e-05,0.013467465891397428,6.197243281163866,0.9287407580039344,833.6477767635062
"Weissella viridescens_12_MRS broth_Silva, A.P.R.D., Longhi, D.A., Dalcanton, F. and Aragão, G.M.F.D., 2018. Modelling the growth of lactic acid bacteria at different temperatures. Brazilian Archives of Biology and Technology, 61.",OD_595,-2.708801428229392e-06,-0.0005463042530167545,0.2464893430974323,3.6172029726956225,0.8946270565674088,526.6763103786925
"Weissella viridescens_16_MRS broth_Silva, A.P.R.D., Longhi, D.A., Dalcanton, F. and Aragão, G.M.F.D., 2018. Modelling the growth of lactic acid bacteria at different temperatures. Brazilian Archives of Biology and Technology, 61.",OD_595,6.471164991063863e-06,-0.0035650656027546713,0.4682798174799704,2.894040439914175,0.8811625437892642,650.8973380379146
"Weissella viridescens_20_MRS broth_Silva, A.P.R.D., Longhi, D.A., Dalcanton, F. and Aragão, G.M.F.D., 2018. Modelling the growth of lactic acid bacteria at different temperatures. Brazilian Archives of Biology and Technology, 61.",OD_595,-2.041599884660179e-05,-0.006562490216904481,0.7635231060242494,2.489208078253022,0.6014575667744495,606.0325377104879
"Weissella viridescens_30_MRS broth_Silva, A.P.R.D., Longhi, D.A., Dalcanton, F. and Aragão, G.M.F.D., 2018. Modelling the growth of lactic acid bacteria at different temperatures. Brazilian Archives of Biology and Technology, 61.",OD_595,-0.00043729788751153823,-0.004211608706856535,1.096070368604272,3.785258813573387,0.613091274857497,523.274942555187
"Weissella viridescens_4_MRS broth_Silva, A.P.R.D., Longhi, D.A., Dalcanton, F. and Aragão, G.M.F.D., 2018. Modelling the growth of lactic acid bacteria at different temperatures. Brazilian Archives of Biology and Technology, 61.",OD_595,-4.350870396911847e-08,1.6051611642797082e-05,0.021542347882550928,3.4119911494695163,0.9992820726316443,130.69879423796598
"Weissella viridescens_8_MRS broth_Silva, A.P.R.D., Longhi, D.A., Dalcanton, F. and Aragão, G.M.F.D., 2018. Modelling the growth of lactic acid bacteria at different temperatures. Brazilian Archives of Biology and Technology, 61.",OD_595,-1.0856034534303717e-07,-0.00010088594468580036,0.09490972502763305,3.2465856123219328,0.9605939924608071,690.9799144230741
