ID,PopBio_units,N_0,N_max,r_max,t_lag,R-square,AIC
"Acinetobacter.clacoaceticus..RDA.R._15_TSB_Bae, Y.M., Zheng, L., Hyun, J.E., Jung, K.S., Heu, S. and Lee, S.Y., 2014. Growth characteristics and biofilm formation of various spoilage bacteria isolated from fresh produce. Journal of food science, 79(10), pp.M2072-M2080.",OD_595,0.0,0.0,0.62,5.0,-611.0413071465215,2.8191185590068564
"Acinetobacter.clacoaceticus..RDA.R._25_TSB_Bae, Y.M., Zheng, L., Hyun, J.E., Jung, K.S., Heu, S. and Lee, S.Y., 2014. Growth characteristics and biofilm formation of various spoilage bacteria isolated from fresh produce. Journal of food science, 79(10), pp.M2072-M2080.",OD_595,0.0,0.0,0.62,5.0,-549.6792435445553,5.858863587174749
"Acinetobacter.clacoaceticus..RDA.R._35_TSB_Bae, Y.M., Zheng, L., Hyun, J.E., Jung, K.S., Heu, S. and Lee, S.Y., 2014. Growth characteristics and biofilm formation of various spoilage bacteria isolated from fresh produce. Journal of food science, 79(10), pp.M2072-M2080.",OD_595,0.0,0.0,0.62,5.0,-573.0126710265868,5.523543805166196
"Acinetobacter.clacoaceticus..RDA.R._5_TSB_Bae, Y.M., Zheng, L., Hyun, J.E., Jung, K.S., Heu, S. and Lee, S.Y., 2014. Growth characteristics and biofilm formation of various spoilage bacteria isolated from fresh produce. Journal of food science, 79(10), pp.M2072-M2080.",OD_595,0.0,0.0,0.62,5.0,-11688.411873969428,5.755437749438244
"Acinetobacter.clacoaceticus.1_15_TSB_Bae, Y.M., Zheng, L., Hyun, J.E., Jung, K.S., Heu, S. and Lee, S.Y., 2014. Growth characteristics and biofilm formation of various spoilage bacteria isolated from fresh produce. Journal of food science, 79(10), pp.M2072-M2080.",OD_595,0.0,0.0,0.62,5.0,-396.38282124555076,-0.984792748904102
"Acinetobacter.clacoaceticus.1_25_TSB_Bae, Y.M., Zheng, L., Hyun, J.E., Jung, K.S., Heu, S. and Lee, S.Y., 2014. Growth characteristics and biofilm formation of various spoilage bacteria isolated from fresh produce. Journal of food science, 79(10), pp.M2072-M2080.",OD_595,0.0,0.0,0.62,5.0,-228.18052793610022,5.187234127784014
"Acinetobacter.clacoaceticus.1_35_TSB_Bae, Y.M., Zheng, L., Hyun, J.E., Jung, K.S., Heu, S. and Lee, S.Y., 2014. Growth characteristics and biofilm formation of various spoilage bacteria isolated from fresh produce. Journal of food science, 79(10), pp.M2072-M2080.",OD_595,0.0,0.0,0.62,5.0,-31.765933085251525,1.159540219060915
"Acinetobacter.clacoaceticus.1_5_TSB_Bae, Y.M., Zheng, L., Hyun, J.E., Jung, K.S., Heu, S. and Lee, S.Y., 2014. Growth characteristics and biofilm formation of various spoilage bacteria isolated from fresh produce. Journal of food science, 79(10), pp.M2072-M2080.",OD_595,0.0,0.0,0.62,5.0,-849.7915698175558,2.5430943882710926
"Acinetobacter.clacoaceticus.2_15_TSB_Bae, Y.M., Zheng, L., Hyun, J.E., Jung, K.S., Heu, S. and Lee, S.Y., 2014. Growth characteristics and biofilm formation of various spoilage bacteria isolated from fresh produce. Journal of food science, 79(10), pp.M2072-M2080.",OD_595,0.0,0.0,0.62,5.0,-204.73108716603258,1.3597378114593992
"Acinetobacter.clacoaceticus.2_25_TSB_Bae, Y.M., Zheng, L., Hyun, J.E., Jung, K.S., Heu, S. and Lee, S.Y., 2014. Growth characteristics and biofilm formation of various spoilage bacteria isolated from fresh produce. Journal of food science, 79(10), pp.M2072-M2080.",OD_595,0.0,0.0,0.62,5.0,-79.37819055457165,4.7957112954380126
"Acinetobacter.clacoaceticus.2_35_TSB_Bae, Y.M., Zheng, L., Hyun, J.E., Jung, K.S., Heu, S. and Lee, S.Y., 2014. Growth characteristics and biofilm formation of various spoilage bacteria isolated from fresh produce. Journal of food science, 79(10), pp.M2072-M2080.",OD_595,0.0,0.0,0.62,5.0,-47.28039469638378,2.821963238500258
"Acinetobacter.clacoaceticus.2_5_TSB_Bae, Y.M., Zheng, L., Hyun, J.E., Jung, K.S., Heu, S. and Lee, S.Y., 2014. Growth characteristics and biofilm formation of various spoilage bacteria isolated from fresh produce. Journal of food science, 79(10), pp.M2072-M2080.",OD_595,0.0,0.0,0.62,5.0,-1032.574822855422,3.1932693145527207
"Aerobic Mesophilic._10_Cooked Chicken Breast_Galarz, L.A., Fonseca, G.G. and Prentice, C., 2016. Predicting bacterial growth in raw, salted, and cooked chicken breast fillets during storage. Food Science and Technology International, 22(6), pp.461-474.",OD_595,0.0,7.923630140246679,0.25317215962835427,43.86306236742188,0.7974551419559607,145.3013077856535
"Aerobic Mesophilic._10_Raw Chicken Breast_Galarz, L.A., Fonseca, G.G. and Prentice, C., 2016. Predicting bacterial growth in raw, salted, and cooked chicken breast fillets during storage. Food Science and Technology International, 22(6), pp.461-474.",OD_595,0.0,6.716192777479889,0.2582320791497217,50.36262394180173,0.9825217748850924,80.39669053074161
"Aerobic Mesophilic._10_Salted Chicken Breast_Galarz, L.A., Fonseca, G.G. and Prentice, C., 2016. Predicting bacterial growth in raw, salted, and cooked chicken breast fillets during storage. Food Science and Technology International, 22(6), pp.461-474.",OD_595,27626.70806246872,3.5215453340447738,263.21681015320524,4652.98534436426,-0.48029347578716775,133.94923577882196
"Aerobic Mesophilic._15_Cooked Chicken Breast_Galarz, L.A., Fonseca, G.G. and Prentice, C., 2016. Predicting bacterial growth in raw, salted, and cooked chicken breast fillets during storage. Food Science and Technology International, 22(6), pp.461-474.",OD_595,0.4284914600252916,8.563097401452934,0.36561955113187883,23.670854330492578,0.9987673337297874,76.76336199921006
"Aerobic Mesophilic._15_Raw Chicken Breast_Galarz, L.A., Fonseca, G.G. and Prentice, C., 2016. Predicting bacterial growth in raw, salted, and cooked chicken breast fillets during storage. Food Science and Technology International, 22(6), pp.461-474.",OD_595,0.44706572023937485,7.422521305640924,0.3827614880414666,25.286520943686376,0.9638068889092403,89.30332350329763
"Aerobic Mesophilic._15_Salted Chicken Breast_Galarz, L.A., Fonseca, G.G. and Prentice, C., 2016. Predicting bacterial growth in raw, salted, and cooked chicken breast fillets during storage. Food Science and Technology International, 22(6), pp.461-474.",OD_595,569.5795146769511,3.0745881383707454,33.0892395716085,818.2195151553739,-0.28865785118132914,92.5259256506545
"Aerobic Mesophilic._20_Cooked Chicken Breast_Galarz, L.A., Fonseca, G.G. and Prentice, C., 2016. Predicting bacterial growth in raw, salted, and cooked chicken breast fillets during storage. Food Science and Technology International, 22(6), pp.461-474.",OD_595,0.3910989768971316,8.16048539068698,0.6340810978660859,14.600056400307247,0.9440240104457069,104.9612115078491
"Aerobic Mesophilic._20_Raw Chicken Breast_Galarz, L.A., Fonseca, G.G. and Prentice, C., 2016. Predicting bacterial growth in raw, salted, and cooked chicken breast fillets during storage. Food Science and Technology International, 22(6), pp.461-474.",OD_595,3.7955926179833455e-08,7.11070423890482,0.52550698407626,11.21304390242884,0.92430892124641,69.96569067967738
"Aerobic Mesophilic._20_Salted Chicken Breast_Galarz, L.A., Fonseca, G.G. and Prentice, C., 2016. Predicting bacterial growth in raw, salted, and cooked chicken breast fillets during storage. Food Science and Technology International, 22(6), pp.461-474.",OD_595,0.2781219616115207,6.522619456944834,0.6232314600843437,17.74863151158047,0.9913485520752624,50.01840556206873
"Aerobic Mesophilic._2_Cooked Chicken Breast_Galarz, L.A., Fonseca, G.G. and Prentice, C., 2016. Predicting bacterial growth in raw, salted, and cooked chicken breast fillets during storage. Food Science and Technology International, 22(6), pp.461-474.",OD_595,0.4011659315415641,6.801314231927421,0.0632092439662026,169.76202214222732,0.8369681230741268,92.55070959687546
"Aerobic Mesophilic._2_Raw Chicken Breast_Galarz, L.A., Fonseca, G.G. and Prentice, C., 2016. Predicting bacterial growth in raw, salted, and cooked chicken breast fillets during storage. Food Science and Technology International, 22(6), pp.461-474.",OD_595,0.16437437480589967,6.226205266881382,0.05931232281445567,162.4724795254483,0.9793191803801489,67.55742853041326
"Aerobic Mesophilic._2_Salted Chicken Breast_Galarz, L.A., Fonseca, G.G. and Prentice, C., 2016. Predicting bacterial growth in raw, salted, and cooked chicken breast fillets during storage. Food Science and Technology International, 22(6), pp.461-474.",OD_595,41450.24071106665,2.6753085809674495,379.060759491963,184788.79570066358,-0.33031288844858797,111.30895403079501
"Aerobic Mesophilic._4_Cooked Chicken Breast_Galarz, L.A., Fonseca, G.G. and Prentice, C., 2016. Predicting bacterial growth in raw, salted, and cooked chicken breast fillets during storage. Food Science and Technology International, 22(6), pp.461-474.",OD_595,0.11314342314709491,9.395079257280356,0.09875148887883409,163.33103464382046,0.4371650834993491,104.69791608110809
"Aerobic Mesophilic._4_Raw Chicken Breast_Galarz, L.A., Fonseca, G.G. and Prentice, C., 2016. Predicting bacterial growth in raw, salted, and cooked chicken breast fillets during storage. Food Science and Technology International, 22(6), pp.461-474.",OD_595,0.2676280181332149,6.191326629598258,0.0813155236557741,155.12597344609375,0.9362800968817412,61.96473912148632
"Aerobic Mesophilic._4_Salted Chicken Breast_Galarz, L.A., Fonseca, G.G. and Prentice, C., 2016. Predicting bacterial growth in raw, salted, and cooked chicken breast fillets during storage. Food Science and Technology International, 22(6), pp.461-474.",OD_595,0.6259566319815242,7.071812585251527,0.07919377338880063,151.55012187997485,0.9483795066421765,71.22113934918418
"Aerobic Mesophilic._7_Cooked Chicken Breast_Galarz, L.A., Fonseca, G.G. and Prentice, C., 2016. Predicting bacterial growth in raw, salted, and cooked chicken breast fillets during storage. Food Science and Technology International, 22(6), pp.461-474.",OD_595,5126.826185699267,4.969431283856467,166.44990553789114,5742.705070555318,-0.48164023518739585,186.88223356748233
"Aerobic Mesophilic._7_Raw Chicken Breast_Galarz, L.A., Fonseca, G.G. and Prentice, C., 2016. Predicting bacterial growth in raw, salted, and cooked chicken breast fillets during storage. Food Science and Technology International, 22(6), pp.461-474.",OD_595,0.0,7.627635495796612,0.14039846240665335,81.2974593322067,0.7222106204027914,177.8858585804755
"Aerobic Mesophilic._7_Salted Chicken Breast_Galarz, L.A., Fonseca, G.G. and Prentice, C., 2016. Predicting bacterial growth in raw, salted, and cooked chicken breast fillets during storage. Food Science and Technology International, 22(6), pp.461-474.",OD_595,7.329220917780251,1.9395605121985682e-08,0.11006300828300226,251.29918325038952,0.9283326417251018,142.6597416702918
"Aerobic Psychotropic._10_Cooked Chicken Breast_Galarz, L.A., Fonseca, G.G. and Prentice, C., 2016. Predicting bacterial growth in raw, salted, and cooked chicken breast fillets during storage. Food Science and Technology International, 22(6), pp.461-474.",OD_595,6.667858099871691,1.1479144745862868e-08,0.18963594618919616,127.02428373862801,0.8833137933545601,125.54418994523725
"Aerobic Psychotropic._10_Raw Chicken Breast_Galarz, L.A., Fonseca, G.G. and Prentice, C., 2016. Predicting bacterial growth in raw, salted, and cooked chicken breast fillets during storage. Food Science and Technology International, 22(6), pp.461-474.",OD_595,8166.655473547747,3.1626016260158707,242.6365733112733,4538.330358732984,-0.4008654985670679,132.25229206606258
"Aerobic Psychotropic._10_Salted Chicken Breast_Galarz, L.A., Fonseca, G.G. and Prentice, C., 2016. Predicting bacterial growth in raw, salted, and cooked chicken breast fillets during storage. Food Science and Technology International, 22(6), pp.461-474.",OD_595,0.0,6.522809170420511,0.15177613157993577,33.13750353592318,0.8822889797342002,111.04381166530754
"Aerobic Psychotropic._15_Cooked Chicken Breast_Galarz, L.A., Fonseca, G.G. and Prentice, C., 2016. Predicting bacterial growth in raw, salted, and cooked chicken breast fillets during storage. Food Science and Technology International, 22(6), pp.461-474.",OD_595,1.9596498201934764e-07,7.988212548289145,0.25760562860410924,21.82365760446776,0.864710929182527,102.30602156636074
"Aerobic Psychotropic._15_Raw Chicken Breast_Galarz, L.A., Fonseca, G.G. and Prentice, C., 2016. Predicting bacterial growth in raw, salted, and cooked chicken breast fillets during storage. Food Science and Technology International, 22(6), pp.461-474.",OD_595,0.3158799209287584,7.960405416510605,0.32322546831142346,24.157773219102843,0.8647276517914481,114.57320603470643
"Aerobic Psychotropic._15_Salted Chicken Breast_Galarz, L.A., Fonseca, G.G. and Prentice, C., 2016. Predicting bacterial growth in raw, salted, and cooked chicken breast fillets during storage. Food Science and Technology International, 22(6), pp.461-474.",OD_595,5.51819721893773,1.0819296569763992e-09,0.2620100905854443,75.1268597370007,0.8956403214802431,72.66643542216887
"Aerobic Psychotropic._20_Cooked Chicken Breast_Galarz, L.A., Fonseca, G.G. and Prentice, C., 2016. Predicting bacterial growth in raw, salted, and cooked chicken breast fillets during storage. Food Science and Technology International, 22(6), pp.461-474.",OD_595,0.30671664413691846,7.163084833563394,0.4245398810797435,15.833084993072141,0.8884698389962286,81.97666800698988
"Aerobic Psychotropic._20_Raw Chicken Breast_Galarz, L.A., Fonseca, G.G. and Prentice, C., 2016. Predicting bacterial growth in raw, salted, and cooked chicken breast fillets during storage. Food Science and Technology International, 22(6), pp.461-474.",OD_595,0.42865365876700645,7.242898196899921,0.5576758192197641,15.523638775704551,0.8631176393153551,78.45045923509193
"Aerobic Psychotropic._20_Salted Chicken Breast_Galarz, L.A., Fonseca, G.G. and Prentice, C., 2016. Predicting bacterial growth in raw, salted, and cooked chicken breast fillets during storage. Food Science and Technology International, 22(6), pp.461-474.",OD_595,3.069610543526835e-08,6.212505763038821,0.4979242854614568,17.902314820406996,0.9308199290399751,48.461487191646384
"Aerobic Psychotropic._2_Cooked Chicken Breast_Galarz, L.A., Fonseca, G.G. and Prentice, C., 2016. Predicting bacterial growth in raw, salted, and cooked chicken breast fillets during storage. Food Science and Technology International, 22(6), pp.461-474.",OD_595,2.948736623764603e-07,7.724676681070218,0.07511531616870548,198.396710461878,0.9422076580867981,100.59700162909212
"Aerobic Psychotropic._2_Raw Chicken Breast_Galarz, L.A., Fonseca, G.G. and Prentice, C., 2016. Predicting bacterial growth in raw, salted, and cooked chicken breast fillets during storage. Food Science and Technology International, 22(6), pp.461-474.",OD_595,0.156107566511561,6.687023682243646,0.06104846364305212,140.0042375444253,0.9867067492133959,72.98273346827291
"Aerobic Psychotropic._2_Salted Chicken Breast_Galarz, L.A., Fonseca, G.G. and Prentice, C., 2016. Predicting bacterial growth in raw, salted, and cooked chicken breast fillets during storage. Food Science and Technology International, 22(6), pp.461-474.",OD_595,0.03596075975454749,5.951937521949377,0.05887425890271646,120.04209233038635,0.9872339141408389,62.32896887738142
"Aerobic Psychotropic._4_Cooked Chicken Breast_Galarz, L.A., Fonseca, G.G. and Prentice, C., 2016. Predicting bacterial growth in raw, salted, and cooked chicken breast fillets during storage. Food Science and Technology International, 22(6), pp.461-474.",OD_595,0.23208296028026365,8.213598556926739,0.08279707215658513,183.19732829081005,0.9368822386715838,86.64799584919314
"Aerobic Psychotropic._4_Raw Chicken Breast_Galarz, L.A., Fonseca, G.G. and Prentice, C., 2016. Predicting bacterial growth in raw, salted, and cooked chicken breast fillets during storage. Food Science and Technology International, 22(6), pp.461-474.",OD_595,7315154.520027229,5.243894179839683,-1179695.3855418002,5.0,-0.5558771300219372,85.38737167409136
"Aerobic Psychotropic._4_Salted Chicken Breast_Galarz, L.A., Fonseca, G.G. and Prentice, C., 2016. Predicting bacterial growth in raw, salted, and cooked chicken breast fillets during storage. Food Science and Technology International, 22(6), pp.461-474.",OD_595,20664882491.242527,5.259453948283886,-3352497271.284944,5.0,-0.11434268709334061,73.05715816149086
"Aerobic Psychotropic._7_Cooked Chicken Breast_Galarz, L.A., Fonseca, G.G. and Prentice, C., 2016. Predicting bacterial growth in raw, salted, and cooked chicken breast fillets during storage. Food Science and Technology International, 22(6), pp.461-474.",OD_595,0.030730227624262474,7.492650213057027,0.12758568971752063,102.77605607658262,0.9379400487410557,134.67868260028547
"Aerobic Psychotropic._7_Raw Chicken Breast_Galarz, L.A., Fonseca, G.G. and Prentice, C., 2016. Predicting bacterial growth in raw, salted, and cooked chicken breast fillets during storage. Food Science and Technology International, 22(6), pp.461-474.",OD_595,0.0839119784497524,7.232721817526006,0.12250869093972697,76.5667236420097,0.5127693925202361,167.86201284248858
"Aerobic Psychotropic._7_Salted Chicken Breast_Galarz, L.A., Fonseca, G.G. and Prentice, C., 2016. Predicting bacterial growth in raw, salted, and cooked chicken breast fillets during storage. Food Science and Technology International, 22(6), pp.461-474.",OD_595,0.3272810871148659,7.411696982715728,0.08219284462402282,73.48864502044744,0.9482983362819325,128.9853613637759
"Arthrobacter aurescens_0_TGE agar_Roth, N.G. and Wheaton, R.B., 1962. Continuity of psychrophilic and mesophilic growth characteristics in the genus Arthrobacter. Journal of bacteriology, 83(3), pp.551-555.",OD_595,4771.96453624912,2.082915732769811,547.4614727495855,6880.34003967243,-0.1376773750518676,148.6483997024156
"Arthrobacter aurescens_20_TGE agar_Roth, N.G. and Wheaton, R.B., 1962. Continuity of psychrophilic and mesophilic growth characteristics in the genus Arthrobacter. Journal of bacteriology, 83(3), pp.551-555.",OD_595,0.9952810818243838,5.555561100536276,0.2925446888740717,16.462184669203694,0.9744455320062108,53.2446551792675
"Arthrobacter aurescens_37_TGE agar_Roth, N.G. and Wheaton, R.B., 1962. Continuity of psychrophilic and mesophilic growth characteristics in the genus Arthrobacter. Journal of bacteriology, 83(3), pp.551-555.",OD_595,1.0095041940161282,3.8386760113034377,0.10400277346803322,80.31344064329302,0.9994941099553487,-6.544758985883279
"Arthrobacter aurescens_7_TGE agar_Roth, N.G. and Wheaton, R.B., 1962. Continuity of psychrophilic and mesophilic growth characteristics in the genus Arthrobacter. Journal of bacteriology, 83(3), pp.551-555.",OD_595,0.9902643544967282,6.398250085492779,0.15083280370191388,33.027477960006244,0.973569588324762,88.19393675382072
"Arthrobacter citreus_0_TGE agar_Roth, N.G. and Wheaton, R.B., 1962. Continuity of psychrophilic and mesophilic growth characteristics in the genus Arthrobacter. Journal of bacteriology, 83(3), pp.551-555.",OD_595,0.35898294823752686,1.8987444281495742,-42.98768001974446,1040.401394887521,-0.18977938071648714,99.37063799439146
"Arthrobacter citreus_20_TGE agar_Roth, N.G. and Wheaton, R.B., 1962. Continuity of psychrophilic and mesophilic growth characteristics in the genus Arthrobacter. Journal of bacteriology, 83(3), pp.551-555.",OD_595,0.9135227769906185,6.199060703110469,0.20698090046709658,10.539430459287376,0.9613564566728463,68.90595551240108
"Arthrobacter citreus_30_TGE agar_Roth, N.G. and Wheaton, R.B., 1962. Continuity of psychrophilic and mesophilic growth characteristics in the genus Arthrobacter. Journal of bacteriology, 83(3), pp.551-555.",OD_595,0.9845577854487837,5.2141462094298,0.34538586071389943,20.9311925681475,0.9581677875646842,58.26737996116186
"Arthrobacter citreus_37_TGE agar_Roth, N.G. and Wheaton, R.B., 1962. Continuity of psychrophilic and mesophilic growth characteristics in the genus Arthrobacter. Journal of bacteriology, 83(3), pp.551-555.",OD_595,1.0159859602291474,6.143254380831635,0.404363073613517,40.67239983985224,0.9653188560052499,74.04066786045134
"Arthrobacter citreus_7_TGE agar_Roth, N.G. and Wheaton, R.B., 1962. Continuity of psychrophilic and mesophilic growth characteristics in the genus Arthrobacter. Journal of bacteriology, 83(3), pp.551-555.",OD_595,0.9731979789367922,5.21823056720289,0.13960595872088466,90.89729688445345,0.982160147013197,55.6069880988895
"Arthrobacter globiformis_0_TGE agar_Roth, N.G. and Wheaton, R.B., 1962. Continuity of psychrophilic and mesophilic growth characteristics in the genus Arthrobacter. Journal of bacteriology, 83(3), pp.551-555.",OD_595,1.0082490037062386,1.008248912404599,0.62,5.0,-0.0006840078310257347,-170.88863060119687
"Arthrobacter globiformis_20_TGE agar_Roth, N.G. and Wheaton, R.B., 1962. Continuity of psychrophilic and mesophilic growth characteristics in the genus Arthrobacter. Journal of bacteriology, 83(3), pp.551-555.",OD_595,0.706835767667233,4.832298735066208,0.18073409793954073,2.3585884321874007,0.9504398164791827,47.44846748548667
"Arthrobacter globiformis_30_TGE agar_Roth, N.G. and Wheaton, R.B., 1962. Continuity of psychrophilic and mesophilic growth characteristics in the genus Arthrobacter. Journal of bacteriology, 83(3), pp.551-555.",OD_595,0.7103693296381453,5.034426198416858,0.2468653770112104,1.9636667403233332e-08,0.7926644897676894,64.03117472540055
"Arthrobacter globiformis_37_TGE agar_Roth, N.G. and Wheaton, R.B., 1962. Continuity of psychrophilic and mesophilic growth characteristics in the genus Arthrobacter. Journal of bacteriology, 83(3), pp.551-555.",OD_595,0.5347877881018284,5.333841464826518,0.45928546346605814,4.3705334507038174e-07,0.9035669263112263,53.06941944677294
"Arthrobacter globiformis_7_TGE agar_Roth, N.G. and Wheaton, R.B., 1962. Continuity of psychrophilic and mesophilic growth characteristics in the genus Arthrobacter. Journal of bacteriology, 83(3), pp.551-555.",OD_595,0.7223623934373689,4.662135954739219,0.03989117715452545,5.612757938422419e-07,0.9754359582776436,71.28124558618259
"Arthrobacter simplex_0_TGE agar_Roth, N.G. and Wheaton, R.B., 1962. Continuity of psychrophilic and mesophilic growth characteristics in the genus Arthrobacter. Journal of bacteriology, 83(3), pp.551-555.",OD_595,1.0094154291617365,1.010180267948669,0.62,5.0,0.001499918222654495,-149.56618706700266
"Arthrobacter simplex_20_TGE agar_Roth, N.G. and Wheaton, R.B., 1962. Continuity of psychrophilic and mesophilic growth characteristics in the genus Arthrobacter. Journal of bacteriology, 83(3), pp.551-555.",OD_595,0.9921734764002061,5.861034381770855,0.1696889729642557,24.77816579573258,0.967379629069781,54.622323417345264
"Arthrobacter simplex_30_TGE agar_Roth, N.G. and Wheaton, R.B., 1962. Continuity of psychrophilic and mesophilic growth characteristics in the genus Arthrobacter. Journal of bacteriology, 83(3), pp.551-555.",OD_595,0.5442099692335114,5.725169229464081,0.19810951751084876,4.193765090754198e-07,0.9003131453343226,66.1283306599999
"Arthrobacter simplex_37_TGE agar_Roth, N.G. and Wheaton, R.B., 1962. Continuity of psychrophilic and mesophilic growth characteristics in the genus Arthrobacter. Journal of bacteriology, 83(3), pp.551-555.",OD_595,0.47188870091667634,6.023031111716067,0.2715736969723817,2.548889090903117e-07,0.9959221908463527,46.527356542195015
"Arthrobacter simplex_7_TGE agar_Roth, N.G. and Wheaton, R.B., 1962. Continuity of psychrophilic and mesophilic growth characteristics in the genus Arthrobacter. Journal of bacteriology, 83(3), pp.551-555.",OD_595,0.9400379592358181,4.080063938440577,1.126686143478284,5.496495283660878,-0.33259302467964136,145.67551757033064
"Arthrobacter sp. 62_0_TGE agar_Roth, N.G. and Wheaton, R.B., 1962. Continuity of psychrophilic and mesophilic growth characteristics in the genus Arthrobacter. Journal of bacteriology, 83(3), pp.551-555.",OD_595,3.787765786412895,6.183625694338569,-0.3562614587945746,34.52304484075189,-0.4300529086330085,189.80724606525834
"Arthrobacter sp. 62_20_TGE agar_Roth, N.G. and Wheaton, R.B., 1962. Continuity of psychrophilic and mesophilic growth characteristics in the genus Arthrobacter. Journal of bacteriology, 83(3), pp.551-555.",OD_595,1.0528559701382743,6.600362102540748,0.3514232019721978,13.569338773472515,0.9592098840487582,81.76607200061814
"Arthrobacter sp. 62_30_TGE agar_Roth, N.G. and Wheaton, R.B., 1962. Continuity of psychrophilic and mesophilic growth characteristics in the genus Arthrobacter. Journal of bacteriology, 83(3), pp.551-555.",OD_595,1.0200368303016458,1.0230102503129106,0.62,5.0,0.025924251389008113,-75.63754367265517
"Arthrobacter sp. 62_37_TGE agar_Roth, N.G. and Wheaton, R.B., 1962. Continuity of psychrophilic and mesophilic growth characteristics in the genus Arthrobacter. Journal of bacteriology, 83(3), pp.551-555.",OD_595,1.0100184151508222,1.0191781090097054,0.62,5.0,0.08719510814103038,-117.4334221003129
"Arthrobacter sp. 62_7_TGE agar_Roth, N.G. and Wheaton, R.B., 1962. Continuity of psychrophilic and mesophilic growth characteristics in the genus Arthrobacter. Journal of bacteriology, 83(3), pp.551-555.",OD_595,0.8973922131786694,6.468174375104379,0.10118736983201163,43.07837502727519,0.945185362976615,110.33591790425817
"Arthrobacter sp. 77_0_TGE agar_Roth, N.G. and Wheaton, R.B., 1962. Continuity of psychrophilic and mesophilic growth characteristics in the genus Arthrobacter. Journal of bacteriology, 83(3), pp.551-555.",OD_595,0.7207774665014772,6.175302041535198,0.040608290868004764,30.60631692536568,0.984306954458692,125.25313255488348
"Arthrobacter sp. 77_20_TGE agar_Roth, N.G. and Wheaton, R.B., 1962. Continuity of psychrophilic and mesophilic growth characteristics in the genus Arthrobacter. Journal of bacteriology, 83(3), pp.551-555.",OD_595,1.0089706690325846,5.5490947708805525,0.46645592069218866,17.7116911352012,0.9708550117411759,48.51692461181567
"Arthrobacter sp. 77_30_TGE agar_Roth, N.G. and Wheaton, R.B., 1962. Continuity of psychrophilic and mesophilic growth characteristics in the genus Arthrobacter. Journal of bacteriology, 83(3), pp.551-555.",OD_595,0.9690833630211488,5.495796528475555,0.2977946577075101,22.09939479291368,0.9830884212452036,58.65366362954041
"Arthrobacter sp. 77_37_TGE agar_Roth, N.G. and Wheaton, R.B., 1962. Continuity of psychrophilic and mesophilic growth characteristics in the genus Arthrobacter. Journal of bacteriology, 83(3), pp.551-555.",OD_595,0.9976659205477796,0.9976659205477796,0.62,5.0,-1.886957442298609e-05,-136.17465725690266
"Arthrobacter sp. 77_7_TGE agar_Roth, N.G. and Wheaton, R.B., 1962. Continuity of psychrophilic and mesophilic growth characteristics in the genus Arthrobacter. Journal of bacteriology, 83(3), pp.551-555.",OD_595,0.8308722821428023,6.193357344498034,0.09616909033640025,24.49339140198975,0.9533297481929727,107.7426115057851
"Arthrobacter sp. 88_0_TGE agar_Roth, N.G. and Wheaton, R.B., 1962. Continuity of psychrophilic and mesophilic growth characteristics in the genus Arthrobacter. Journal of bacteriology, 83(3), pp.551-555.",OD_595,0.9924854180101232,4.986439687524366,0.047720083203521085,126.16294586986285,0.9923291725678225,47.06318638081268
"Arthrobacter sp. 88_20_TGE agar_Roth, N.G. and Wheaton, R.B., 1962. Continuity of psychrophilic and mesophilic growth characteristics in the genus Arthrobacter. Journal of bacteriology, 83(3), pp.551-555.",OD_595,1.0120990234554825,6.842404418639329,0.43586837475965945,14.088353720027657,0.8221984828658508,153.0786698032373
"Arthrobacter sp. 88_30_TGE agar_Roth, N.G. and Wheaton, R.B., 1962. Continuity of psychrophilic and mesophilic growth characteristics in the genus Arthrobacter. Journal of bacteriology, 83(3), pp.551-555.",OD_595,1.0009428343511022,6.6814717222252895,0.4314387279232183,45.43044639644932,0.8941434471739036,111.86589632327032
"Arthrobacter sp. 88_37_TGE agar_Roth, N.G. and Wheaton, R.B., 1962. Continuity of psychrophilic and mesophilic growth characteristics in the genus Arthrobacter. Journal of bacteriology, 83(3), pp.551-555.",OD_595,1.0141801586145935,1.0097815073145044,0.62,5.0,0.04202592891691248,-128.53460584277477
"Arthrobacter sp. 88_7_TGE agar_Roth, N.G. and Wheaton, R.B., 1962. Continuity of psychrophilic and mesophilic growth characteristics in the genus Arthrobacter. Journal of bacteriology, 83(3), pp.551-555.",OD_595,0.6929570639860023,5.2186678408869716,0.0876627940863804,1.0752609913566857e-09,0.9914162310885766,40.435234136956744
"Bacillus.pumilus..RDA.R._15_TSB_Bae, Y.M., Zheng, L., Hyun, J.E., Jung, K.S., Heu, S. and Lee, S.Y., 2014. Growth characteristics and biofilm formation of various spoilage bacteria isolated from fresh produce. Journal of food science, 79(10), pp.M2072-M2080.",OD_595,0.0,0.0,0.62,5.0,-139.05835741669833,1.1841347513918539
"Bacillus.pumilus..RDA.R._25_TSB_Bae, Y.M., Zheng, L., Hyun, J.E., Jung, K.S., Heu, S. and Lee, S.Y., 2014. Growth characteristics and biofilm formation of various spoilage bacteria isolated from fresh produce. Journal of food science, 79(10), pp.M2072-M2080.",OD_595,0.0,0.0,0.62,5.0,-65.06773724690612,5.000096694567703
"Bacillus.pumilus..RDA.R._35_TSB_Bae, Y.M., Zheng, L., Hyun, J.E., Jung, K.S., Heu, S. and Lee, S.Y., 2014. Growth characteristics and biofilm formation of various spoilage bacteria isolated from fresh produce. Journal of food science, 79(10), pp.M2072-M2080.",OD_595,0.0,0.0,0.62,5.0,-47.44350092290288,2.6441170826878917
"Bacillus.pumilus..RDA.R._5_TSB_Bae, Y.M., Zheng, L., Hyun, J.E., Jung, K.S., Heu, S. and Lee, S.Y., 2014. Growth characteristics and biofilm formation of various spoilage bacteria isolated from fresh produce. Journal of food science, 79(10), pp.M2072-M2080.",OD_595,0.0,0.0,0.62,5.0,-440587.36411901365,7.969386811459167
"Bacillus.pumilus_15_TSB_Bae, Y.M., Zheng, L., Hyun, J.E., Jung, K.S., Heu, S. and Lee, S.Y., 2014. Growth characteristics and biofilm formation of various spoilage bacteria isolated from fresh produce. Journal of food science, 79(10), pp.M2072-M2080.",OD_595,0.0,0.0,0.62,5.0,-316.37696687400796,3.004816120735182
"Bacillus.pumilus_25_TSB_Bae, Y.M., Zheng, L., Hyun, J.E., Jung, K.S., Heu, S. and Lee, S.Y., 2014. Growth characteristics and biofilm formation of various spoilage bacteria isolated from fresh produce. Journal of food science, 79(10), pp.M2072-M2080.",OD_595,0.0,0.0,0.62,5.0,-70.85445808862778,4.469483212024604
"Bacillus.pumilus_35_TSB_Bae, Y.M., Zheng, L., Hyun, J.E., Jung, K.S., Heu, S. and Lee, S.Y., 2014. Growth characteristics and biofilm formation of various spoilage bacteria isolated from fresh produce. Journal of food science, 79(10), pp.M2072-M2080.",OD_595,0.0,0.0,0.62,5.0,-72.90091629739972,4.415234860012825
"Bacillus.pumilus_5_TSB_Bae, Y.M., Zheng, L., Hyun, J.E., Jung, K.S., Heu, S. and Lee, S.Y., 2014. Growth characteristics and biofilm formation of various spoilage bacteria isolated from fresh produce. Journal of food science, 79(10), pp.M2072-M2080.",OD_595,0.0,0.0,0.62,5.0,-350732.9917366649,7.817158066224528
"Chryseobacterium.balustinum_15_TSB_Bae, Y.M., Zheng, L., Hyun, J.E., Jung, K.S., Heu, S. and Lee, S.Y., 2014. Growth characteristics and biofilm formation of various spoilage bacteria isolated from fresh produce. Journal of food science, 79(10), pp.M2072-M2080.",OD_595,0.0,0.0,0.62,5.0,-71.90022104875332,-5.09433210308716
"Chryseobacterium.balustinum_25_TSB_Bae, Y.M., Zheng, L., Hyun, J.E., Jung, K.S., Heu, S. and Lee, S.Y., 2014. Growth characteristics and biofilm formation of various spoilage bacteria isolated from fresh produce. Journal of food science, 79(10), pp.M2072-M2080.",OD_595,0.0,0.0,0.62,5.0,-49.29909700695637,3.973525031284515
"Chryseobacterium.balustinum_35_TSB_Bae, Y.M., Zheng, L., Hyun, J.E., Jung, K.S., Heu, S. and Lee, S.Y., 2014. Growth characteristics and biofilm formation of various spoilage bacteria isolated from fresh produce. Journal of food science, 79(10), pp.M2072-M2080.",OD_595,0.0,0.0,0.62,5.0,-53.25313160837177,3.758566698985171
"Chryseobacterium.balustinum_5_TSB_Bae, Y.M., Zheng, L., Hyun, J.E., Jung, K.S., Heu, S. and Lee, S.Y., 2014. Growth characteristics and biofilm formation of various spoilage bacteria isolated from fresh produce. Journal of food science, 79(10), pp.M2072-M2080.",OD_595,0.0,0.0,0.62,5.0,-86.67174363361137,-2.8422012918843507
"Clavibacter.michiganensis..RDA.R._15_TSB_Bae, Y.M., Zheng, L., Hyun, J.E., Jung, K.S., Heu, S. and Lee, S.Y., 2014. Growth characteristics and biofilm formation of various spoilage bacteria isolated from fresh produce. Journal of food science, 79(10), pp.M2072-M2080.",OD_595,0.0,0.0,0.62,5.0,-16.141620708289146,-7.40818418518638
"Clavibacter.michiganensis..RDA.R._25_TSB_Bae, Y.M., Zheng, L., Hyun, J.E., Jung, K.S., Heu, S. and Lee, S.Y., 2014. Growth characteristics and biofilm formation of various spoilage bacteria isolated from fresh produce. Journal of food science, 79(10), pp.M2072-M2080.",OD_595,0.0,0.0,0.62,5.0,-17.68018799506752,1.6693381673049084
"Clavibacter.michiganensis..RDA.R._35_TSB_Bae, Y.M., Zheng, L., Hyun, J.E., Jung, K.S., Heu, S. and Lee, S.Y., 2014. Growth characteristics and biofilm formation of various spoilage bacteria isolated from fresh produce. Journal of food science, 79(10), pp.M2072-M2080.",OD_595,0.0,0.0,0.62,5.0,-9.850327302758044,-2.7793763174288024
"Clavibacter.michiganensis..RDA.R._5_TSB_Bae, Y.M., Zheng, L., Hyun, J.E., Jung, K.S., Heu, S. and Lee, S.Y., 2014. Growth characteristics and biofilm formation of various spoilage bacteria isolated from fresh produce. Journal of food science, 79(10), pp.M2072-M2080.",OD_595,0.0,0.0,0.62,5.0,-66.51230219145398,-3.6144601287641116
"Clavibacter.michiganensis_15_TSB_Bae, Y.M., Zheng, L., Hyun, J.E., Jung, K.S., Heu, S. and Lee, S.Y., 2014. Growth characteristics and biofilm formation of various spoilage bacteria isolated from fresh produce. Journal of food science, 79(10), pp.M2072-M2080.",OD_595,0.0,0.0,0.62,5.0,-7.006684840572364,-14.994112821398016
"Clavibacter.michiganensis_25_TSB_Bae, Y.M., Zheng, L., Hyun, J.E., Jung, K.S., Heu, S. and Lee, S.Y., 2014. Growth characteristics and biofilm formation of various spoilage bacteria isolated from fresh produce. Journal of food science, 79(10), pp.M2072-M2080.",OD_595,0.0,0.0,0.62,5.0,-6.499381896182433,-0.7631065110982078
"Clavibacter.michiganensis_35_TSB_Bae, Y.M., Zheng, L., Hyun, J.E., Jung, K.S., Heu, S. and Lee, S.Y., 2014. Growth characteristics and biofilm formation of various spoilage bacteria isolated from fresh produce. Journal of food science, 79(10), pp.M2072-M2080.",OD_595,0.0,0.0,0.62,5.0,-4.809746194986914,-3.7221299556066096
"Clavibacter.michiganensis_5_TSB_Bae, Y.M., Zheng, L., Hyun, J.E., Jung, K.S., Heu, S. and Lee, S.Y., 2014. Growth characteristics and biofilm formation of various spoilage bacteria isolated from fresh produce. Journal of food science, 79(10), pp.M2072-M2080.",OD_595,0.0,0.0,0.62,5.0,-35.77589221342081,-7.983235645273174
"Dickeya.zeae..RDA.R._15_TSB_Bae, Y.M., Zheng, L., Hyun, J.E., Jung, K.S., Heu, S. and Lee, S.Y., 2014. Growth characteristics and biofilm formation of various spoilage bacteria isolated from fresh produce. Journal of food science, 79(10), pp.M2072-M2080.",OD_595,0.0,0.0,0.62,5.0,-6.114428040015855,-18.469229155595226
"Dickeya.zeae..RDA.R._25_TSB_Bae, Y.M., Zheng, L., Hyun, J.E., Jung, K.S., Heu, S. and Lee, S.Y., 2014. Growth characteristics and biofilm formation of various spoilage bacteria isolated from fresh produce. Journal of food science, 79(10), pp.M2072-M2080.",OD_595,0.0,0.0,0.62,5.0,-4.149586560043526,-3.5168757693700883
"Dickeya.zeae..RDA.R._35_TSB_Bae, Y.M., Zheng, L., Hyun, J.E., Jung, K.S., Heu, S. and Lee, S.Y., 2014. Growth characteristics and biofilm formation of various spoilage bacteria isolated from fresh produce. Journal of food science, 79(10), pp.M2072-M2080.",OD_595,0.0,0.0,0.62,5.0,-3.6980139991006844,-7.203626551996175
"Dickeya.zeae..RDA.R._5_TSB_Bae, Y.M., Zheng, L., Hyun, J.E., Jung, K.S., Heu, S. and Lee, S.Y., 2014. Growth characteristics and biofilm formation of various spoilage bacteria isolated from fresh produce. Journal of food science, 79(10), pp.M2072-M2080.",OD_595,0.0,0.0,0.62,5.0,-150048.8001797507,7.757583159175635
"Dickeya.zeae_15_TSB_Bae, Y.M., Zheng, L., Hyun, J.E., Jung, K.S., Heu, S. and Lee, S.Y., 2014. Growth characteristics and biofilm formation of various spoilage bacteria isolated from fresh produce. Journal of food science, 79(10), pp.M2072-M2080.",OD_595,0.0,0.0,0.62,5.0,-7.070983257224681,-16.78448451701087
"Dickeya.zeae_25_TSB_Bae, Y.M., Zheng, L., Hyun, J.E., Jung, K.S., Heu, S. and Lee, S.Y., 2014. Growth characteristics and biofilm formation of various spoilage bacteria isolated from fresh produce. Journal of food science, 79(10), pp.M2072-M2080.",OD_595,0.0,0.0,0.62,5.0,-5.367323969254688,-2.4949485227415487
"Dickeya.zeae_35_TSB_Bae, Y.M., Zheng, L., Hyun, J.E., Jung, K.S., Heu, S. and Lee, S.Y., 2014. Growth characteristics and biofilm formation of various spoilage bacteria isolated from fresh produce. Journal of food science, 79(10), pp.M2072-M2080.",OD_595,0.0,0.0,0.62,5.0,-2.8601619664533398,-9.020447481627006
"Dickeya.zeae_5_TSB_Bae, Y.M., Zheng, L., Hyun, J.E., Jung, K.S., Heu, S. and Lee, S.Y., 2014. Growth characteristics and biofilm formation of various spoilage bacteria isolated from fresh produce. Journal of food science, 79(10), pp.M2072-M2080.",OD_595,0.0,0.0,0.62,5.0,-91935.59040057332,7.514727143154436
"Enterobacter.sp._15_TSB_Bae, Y.M., Zheng, L., Hyun, J.E., Jung, K.S., Heu, S. and Lee, S.Y., 2014. Growth characteristics and biofilm formation of various spoilage bacteria isolated from fresh produce. Journal of food science, 79(10), pp.M2072-M2080.",OD_595,0.0,0.0,0.62,5.0,-1.4144530390678027,-33.92978353919327
"Enterobacter.sp._25_TSB_Bae, Y.M., Zheng, L., Hyun, J.E., Jung, K.S., Heu, S. and Lee, S.Y., 2014. Growth characteristics and biofilm formation of various spoilage bacteria isolated from fresh produce. Journal of food science, 79(10), pp.M2072-M2080.",OD_595,0.0,0.0,0.62,5.0,-1.1921775282321154,-14.500394614649654
"Enterobacter.sp._35_TSB_Bae, Y.M., Zheng, L., Hyun, J.E., Jung, K.S., Heu, S. and Lee, S.Y., 2014. Growth characteristics and biofilm formation of various spoilage bacteria isolated from fresh produce. Journal of food science, 79(10), pp.M2072-M2080.",OD_595,0.0,0.0,0.62,5.0,-1.1027661034444463,-15.897593962706804
"Enterobacter.sp._5_TSB_Bae, Y.M., Zheng, L., Hyun, J.E., Jung, K.S., Heu, S. and Lee, S.Y., 2014. Growth characteristics and biofilm formation of various spoilage bacteria isolated from fresh produce. Journal of food science, 79(10), pp.M2072-M2080.",OD_595,0.0,0.0,0.62,5.0,-15.604115438482495,-31.022265697433127
"Escherichia coli_10_C02 Beef Striploins_Gill, C.O. and DeLacy, K.M., 1991. Growth of Escherichia coli and Salmonella typhimurium on high-pH beef packed under vacuum or carbon dioxide. International journal of food microbiology, 13(1), pp.21-30.",OD_595,4.4443568024217415,11.74289172705003,0.922438944957489,4.019494710145903,0.9961077293243942,74.07075166893156
"Escherichia coli_10_Vacuum Beef Striploins_Gill, C.O. and DeLacy, K.M., 1991. Growth of Escherichia coli and Salmonella typhimurium on high-pH beef packed under vacuum or carbon dioxide. International journal of food microbiology, 13(1), pp.21-30.",OD_595,3.9382576799895226,7.872634553516352,4.259723809739543,0.7334445293544176,0.9613650904591626,71.58454870894926
"Escherichia coli_12_C02 Beef Striploins_Gill, C.O. and DeLacy, K.M., 1991. Growth of Escherichia coli and Salmonella typhimurium on high-pH beef packed under vacuum or carbon dioxide. International journal of food microbiology, 13(1), pp.21-30.",OD_595,3.691882477537775,11.646996053060604,1.544841222036275,5.502668997066221,0.9991854801344833,26.476896627104427
"Escherichia coli_12_Vacuum Beef Striploins_Gill, C.O. and DeLacy, K.M., 1991. Growth of Escherichia coli and Salmonella typhimurium on high-pH beef packed under vacuum or carbon dioxide. International journal of food microbiology, 13(1), pp.21-30.",OD_595,1.1998967797133275e-06,58.21324485877112,3.74709903451738,8.626527892019453e-08,0.946511301211435,85.24957024054899
"Escherichia coli_15_C02 Beef Striploins_Gill, C.O. and DeLacy, K.M., 1991. Growth of Escherichia coli and Salmonella typhimurium on high-pH beef packed under vacuum or carbon dioxide. International journal of food microbiology, 13(1), pp.21-30.",OD_595,7.007878721765337e-10,53.3467825493818,3.0562344585632855,2.285782598754338e-07,0.9694147852404602,85.78205365642046
"Escherichia coli_20_C02 Beef Striploins_Gill, C.O. and DeLacy, K.M., 1991. Growth of Escherichia coli and Salmonella typhimurium on high-pH beef packed under vacuum or carbon dioxide. International journal of food microbiology, 13(1), pp.21-30.",OD_595,4.327191548586113,9.366582887180599,10.485707310303985,2.182599656563866e-09,0.9589952153299041,87.99988216718624
"Escherichia coli_30_C02 Beef Striploins_Gill, C.O. and DeLacy, K.M., 1991. Growth of Escherichia coli and Salmonella typhimurium on high-pH beef packed under vacuum or carbon dioxide. International journal of food microbiology, 13(1), pp.21-30.",OD_595,3.3898054752845317,9.03876088713286,21.52663829615757,0.04736203070703793,0.9872690218795828,90.4252081197458
"Escherichia coli_30_Vacuum Beef Striploins_Gill, C.O. and DeLacy, K.M., 1991. Growth of Escherichia coli and Salmonella typhimurium on high-pH beef packed under vacuum or carbon dioxide. International journal of food microbiology, 13(1), pp.21-30.",OD_595,4.406163119522913,9.252235883451934,27.18105646831895,0.14808192572635503,0.9463820193821031,91.22031888204056
"Escherichia coli_8_Vacuum Beef Striploins_Gill, C.O. and DeLacy, K.M., 1991. Growth of Escherichia coli and Salmonella typhimurium on high-pH beef packed under vacuum or carbon dioxide. International journal of food microbiology, 13(1), pp.21-30.",OD_595,1.1194136404490962e-06,45.17603069678427,2.0735343455358755,1.8372478318706698e-06,0.985684717704389,44.713456202677186
"Klebsiella.pneumonia..RDA.R._15_TSB_Bae, Y.M., Zheng, L., Hyun, J.E., Jung, K.S., Heu, S. and Lee, S.Y., 2014. Growth characteristics and biofilm formation of various spoilage bacteria isolated from fresh produce. Journal of food science, 79(10), pp.M2072-M2080.",OD_595,0.0,0.0,0.62,5.0,-2.7928383570459965,-29.343947316045067
"Klebsiella.pneumonia..RDA.R._25_TSB_Bae, Y.M., Zheng, L., Hyun, J.E., Jung, K.S., Heu, S. and Lee, S.Y., 2014. Growth characteristics and biofilm formation of various spoilage bacteria isolated from fresh produce. Journal of food science, 79(10), pp.M2072-M2080.",OD_595,0.0,0.0,0.62,5.0,-2.013535483954544,-13.037295510511054
"Klebsiella.pneumonia..RDA.R._35_TSB_Bae, Y.M., Zheng, L., Hyun, J.E., Jung, K.S., Heu, S. and Lee, S.Y., 2014. Growth characteristics and biofilm formation of various spoilage bacteria isolated from fresh produce. Journal of food science, 79(10), pp.M2072-M2080.",OD_595,0.0,0.0,0.62,5.0,-0.8903530011692398,-23.122355830698975
"Klebsiella.pneumonia..RDA.R._5_TSB_Bae, Y.M., Zheng, L., Hyun, J.E., Jung, K.S., Heu, S. and Lee, S.Y., 2014. Growth characteristics and biofilm formation of various spoilage bacteria isolated from fresh produce. Journal of food science, 79(10), pp.M2072-M2080.",OD_595,0.0,0.0,0.62,5.0,-99782.81369862691,7.535750548599403
"Klebsiella.pneumonia_15_TSB_Bae, Y.M., Zheng, L., Hyun, J.E., Jung, K.S., Heu, S. and Lee, S.Y., 2014. Growth characteristics and biofilm formation of various spoilage bacteria isolated from fresh produce. Journal of food science, 79(10), pp.M2072-M2080.",OD_595,0.0,0.0,0.62,5.0,-1.7553132191815206,-38.20008664568487
"Klebsiella.pneumonia_25_TSB_Bae, Y.M., Zheng, L., Hyun, J.E., Jung, K.S., Heu, S. and Lee, S.Y., 2014. Growth characteristics and biofilm formation of various spoilage bacteria isolated from fresh produce. Journal of food science, 79(10), pp.M2072-M2080.",OD_595,0.0,0.0,0.62,5.0,-1.159257836052039,-15.957166374627185
"Klebsiella.pneumonia_35_TSB_Bae, Y.M., Zheng, L., Hyun, J.E., Jung, K.S., Heu, S. and Lee, S.Y., 2014. Growth characteristics and biofilm formation of various spoilage bacteria isolated from fresh produce. Journal of food science, 79(10), pp.M2072-M2080.",OD_595,0.0,0.0,0.62,5.0,-0.6743196262462197,-22.445076002772435
"Klebsiella.pneumonia_5_TSB_Bae, Y.M., Zheng, L., Hyun, J.E., Jung, K.S., Heu, S. and Lee, S.Y., 2014. Growth characteristics and biofilm formation of various spoilage bacteria isolated from fresh produce. Journal of food science, 79(10), pp.M2072-M2080.",OD_595,0.0,0.0,0.62,5.0,-45.78638710507414,-13.392550958415168
"Lactobacillus plantarum_12_MRS broth_Silva, A.P.R.D., Longhi, D.A., Dalcanton, F. and Aragão, G.M.F.D., 2018. Modelling the growth of lactic acid bacteria at different temperatures. Brazilian Archives of Biology and Technology, 61.",OD_595,4.405220388781415,23.385928270470227,0.1704513166661593,26.71587610027716,0.5527869583351177,650.0948516560685
"Lactobacillus plantarum_16_MRS broth_Silva, A.P.R.D., Longhi, D.A., Dalcanton, F. and Aragão, G.M.F.D., 2018. Modelling the growth of lactic acid bacteria at different temperatures. Brazilian Archives of Biology and Technology, 61.",OD_595,4.05844145594918,22.74482064303182,0.5696425132118029,8.186520916919685,0.5311978225057257,728.8255784526987
"Lactobacillus plantarum_20_MRS broth_Silva, A.P.R.D., Longhi, D.A., Dalcanton, F. and Aragão, G.M.F.D., 2018. Modelling the growth of lactic acid bacteria at different temperatures. Brazilian Archives of Biology and Technology, 61.",OD_595,3.3798814812413207,23.335138937791985,0.8594919195149628,1.3939564970088156,0.7683742351042596,649.0956763084738
"Lactobacillus plantarum_30_MRS broth_Silva, A.P.R.D., Longhi, D.A., Dalcanton, F. and Aragão, G.M.F.D., 2018. Modelling the growth of lactic acid bacteria at different temperatures. Brazilian Archives of Biology and Technology, 61.",OD_595,3.27777598765132,24.588986832481357,1.9410791954410074,1.2594221877877945,0.847217750865767,545.1745538702048
"Lactobacillus plantarum_8_MRS broth_Silva, A.P.R.D., Longhi, D.A., Dalcanton, F. and Aragão, G.M.F.D., 2018. Modelling the growth of lactic acid bacteria at different temperatures. Brazilian Archives of Biology and Technology, 61.",OD_595,1780.5092437371566,5.088369917204195,364.41040895513083,4986.258567397139,-0.15835901599270152,119.71255340263288
"Lactobacillus sakei_12_MRS broth_Silva, A.P.R.D., Longhi, D.A., Dalcanton, F. and Aragão, G.M.F.D., 2018. Modelling the growth of lactic acid bacteria at different temperatures. Brazilian Archives of Biology and Technology, 61.",OD_595,3.424055409870996,20.493723023765607,0.5205735504617465,2.893323243438683,0.6376106173194507,462.1670676693749
"Lactobacillus sakei_16_MRS broth_Silva, A.P.R.D., Longhi, D.A., Dalcanton, F. and Aragão, G.M.F.D., 2018. Modelling the growth of lactic acid bacteria at different temperatures. Brazilian Archives of Biology and Technology, 61.",OD_595,4.118063541191336,21.22065742602945,0.9659972352530778,2.1373213904043555,0.9282919276735856,498.8984909867228
"Lactobacillus sakei_20_MRS broth_Silva, A.P.R.D., Longhi, D.A., Dalcanton, F. and Aragão, G.M.F.D., 2018. Modelling the growth of lactic acid bacteria at different temperatures. Brazilian Archives of Biology and Technology, 61.",OD_595,4.872300864053381,21.42830875172484,1.3614697043624113,1.6380880760280938,0.9169125889511475,468.3713086212923
"Lactobacillus sakei_30_MRS broth_Silva, A.P.R.D., Longhi, D.A., Dalcanton, F. and Aragão, G.M.F.D., 2018. Modelling the growth of lactic acid bacteria at different temperatures. Brazilian Archives of Biology and Technology, 61.",OD_595,4.242727017243797,21.487854079436968,2.949844775544335,0.7845632632871313,0.8094403727251744,402.0335170623876
"Lactobacillus sakei_4_MRS broth_Silva, A.P.R.D., Longhi, D.A., Dalcanton, F. and Aragão, G.M.F.D., 2018. Modelling the growth of lactic acid bacteria at different temperatures. Brazilian Archives of Biology and Technology, 61.",OD_595,7.872273623647219,7.872271178659771,-4.929577463947617,268.5555840273139,-0.20416413172656855,183.81676288189072
"Lactobacillus sakei_8_MRS broth_Silva, A.P.R.D., Longhi, D.A., Dalcanton, F. and Aragão, G.M.F.D., 2018. Modelling the growth of lactic acid bacteria at different temperatures. Brazilian Archives of Biology and Technology, 61.",OD_595,3.3799567132023354,19.352964762833377,0.22574650339052282,8.441628490718298,0.9584149388098696,637.9065053972848
"Lactobaciulus plantarum_10_MRS_Zwietering, M.H., De Wit, J.C., Cuppers, H.G.A.M. and Van't Riet, K., 1994. Modeling of bacterial growth with shifts in temperature. Appl. Environ. Microbiol., 60(1), pp.204-213.",OD_595,7.437872096005549e-08,7.939094768291056,0.13546939966416585,2.4533937187728143,0.6728370021523882,1994.2195075902785
"Lactobaciulus plantarum_15_MRS_Zwietering, M.H., De Wit, J.C., Cuppers, H.G.A.M. and Van't Riet, K., 1994. Modeling of bacterial growth with shifts in temperature. Appl. Environ. Microbiol., 60(1), pp.204-213.",OD_595,0.9279285347394157,9.285920442727782,0.4340380168833596,10.406199669928824,0.7004566370716281,1380.2372121782316
"Lactobaciulus plantarum_20_MRS_Zwietering, M.H., De Wit, J.C., Cuppers, H.G.A.M. and Van't Riet, K., 1994. Modeling of bacterial growth with shifts in temperature. Appl. Environ. Microbiol., 60(1), pp.204-213.",OD_595,0.42913580204630364,9.51562127291747,0.858586270545107,4.224130313068228,0.8581414241992013,1614.0468282303418
"Lactobaciulus plantarum_25_MRS_Zwietering, M.H., De Wit, J.C., Cuppers, H.G.A.M. and Van't Riet, K., 1994. Modeling of bacterial growth with shifts in temperature. Appl. Environ. Microbiol., 60(1), pp.204-213.",OD_595,0.8161623630536061,9.580088247972059,1.364440236870467,3.0665170194687175,0.7970862090582082,1413.8484844496293
"Oscillatoria agardhii Strain 97_15_Z8_Sivonen, K., 1990. Effects of light, temperature, nitrate, orthophosphate, and bacteria on growth of and hepatotoxin production by Oscillatoria agardhii strains. Appl. Environ. Microbiol., 56(9), pp.2658-2666.",OD_595,0.11307141061139392,1.0124130834989096,0.62,5.0,0.32582501098699046,6.145698870435866
"Oscillatoria agardhii Strain 97_20_Z8_Sivonen, K., 1990. Effects of light, temperature, nitrate, orthophosphate, and bacteria on growth of and hepatotoxin production by Oscillatoria agardhii strains. Appl. Environ. Microbiol., 56(9), pp.2658-2666.",OD_595,0.11307141061139414,1.0858637083035023,0.62,5.0,0.3154493671528191,8.26479923357606
"Oscillatoria agardhii Strain 97_25_Z8_Sivonen, K., 1990. Effects of light, temperature, nitrate, orthophosphate, and bacteria on growth of and hepatotoxin production by Oscillatoria agardhii strains. Appl. Environ. Microbiol., 56(9), pp.2658-2666.",OD_595,0.11307141061139414,1.2425082479751959,0.62,5.0,0.3130845065531507,12.112984547622549
"Oscillatoria agardhii Strain 97_30_Z8_Sivonen, K., 1990. Effects of light, temperature, nitrate, orthophosphate, and bacteria on growth of and hepatotoxin production by Oscillatoria agardhii strains. Appl. Environ. Microbiol., 56(9), pp.2658-2666.",OD_595,0.11781065059463414,0.9145558791096591,0.62,5.0,0.6549039552803364,-3.6319665630641005
"Oscillatoria agardhii StrainCYA 128_15_Z8_Sivonen, K., 1990. Effects of light, temperature, nitrate, orthophosphate, and bacteria on growth of and hepatotoxin production by Oscillatoria agardhii strains. Appl. Environ. Microbiol., 56(9), pp.2658-2666.",OD_595,0.613163860660088,1.0524558174126715,0.62,5.0,0.3102172956534609,-0.09489751390420231
"Oscillatoria agardhii StrainCYA 128_20_Z8_Sivonen, K., 1990. Effects of light, temperature, nitrate, orthophosphate, and bacteria on growth of and hepatotoxin production by Oscillatoria agardhii strains. Appl. Environ. Microbiol., 56(9), pp.2658-2666.",OD_595,0.6084049276112578,1.1357169379834535,0.62,5.0,0.23346805361663514,6.023582983602187
"Oscillatoria agardhii StrainCYA 128_25_Z8_Sivonen, K., 1990. Effects of light, temperature, nitrate, orthophosphate, and bacteria on growth of and hepatotoxin production by Oscillatoria agardhii strains. Appl. Environ. Microbiol., 56(9), pp.2658-2666.",OD_595,0.6084049276112633,1.3617814136405197,0.62,5.0,0.3002057024856799,10.329770714528824
"Oscillatoria agardhii StrainCYA 128_30_Z8_Sivonen, K., 1990. Effects of light, temperature, nitrate, orthophosphate, and bacteria on growth of and hepatotoxin production by Oscillatoria agardhii strains. Appl. Environ. Microbiol., 56(9), pp.2658-2666.",OD_595,0.613163860660088,1.4149177807398252,0.62,5.0,0.4405673120496961,7.135327385686842
"Pantoea.agglomerans..RDA.R._15_TSB_Bae, Y.M., Zheng, L., Hyun, J.E., Jung, K.S., Heu, S. and Lee, S.Y., 2014. Growth characteristics and biofilm formation of various spoilage bacteria isolated from fresh produce. Journal of food science, 79(10), pp.M2072-M2080.",OD_595,0.0,0.0,0.62,5.0,-11.447106467474518,-10.158759367608887
"Pantoea.agglomerans..RDA.R._25_TSB_Bae, Y.M., Zheng, L., Hyun, J.E., Jung, K.S., Heu, S. and Lee, S.Y., 2014. Growth characteristics and biofilm formation of various spoilage bacteria isolated from fresh produce. Journal of food science, 79(10), pp.M2072-M2080.",OD_595,0.0,0.0,0.62,5.0,-9.687209564672152,0.2594733940996772
"Pantoea.agglomerans..RDA.R._35_TSB_Bae, Y.M., Zheng, L., Hyun, J.E., Jung, K.S., Heu, S. and Lee, S.Y., 2014. Growth characteristics and biofilm formation of various spoilage bacteria isolated from fresh produce. Journal of food science, 79(10), pp.M2072-M2080.",OD_595,0.0,0.0,0.62,5.0,-9.058453037445538,-2.474954334614184
"Pantoea.agglomerans..RDA.R._5_TSB_Bae, Y.M., Zheng, L., Hyun, J.E., Jung, K.S., Heu, S. and Lee, S.Y., 2014. Growth characteristics and biofilm formation of various spoilage bacteria isolated from fresh produce. Journal of food science, 79(10), pp.M2072-M2080.",OD_595,0.0,0.0,0.62,5.0,-22.301522006927343,-13.427448883590905
"Pantoea.agglomerans.1_15_TSB_Bae, Y.M., Zheng, L., Hyun, J.E., Jung, K.S., Heu, S. and Lee, S.Y., 2014. Growth characteristics and biofilm formation of various spoilage bacteria isolated from fresh produce. Journal of food science, 79(10), pp.M2072-M2080.",OD_595,0.0,0.0,0.62,5.0,-9.14861516951625,-15.94589081206178
"Pantoea.agglomerans.1_25_TSB_Bae, Y.M., Zheng, L., Hyun, J.E., Jung, K.S., Heu, S. and Lee, S.Y., 2014. Growth characteristics and biofilm formation of various spoilage bacteria isolated from fresh produce. Journal of food science, 79(10), pp.M2072-M2080.",OD_595,0.0,0.0,0.62,5.0,-7.666205186891755,-1.20501830183348
"Pantoea.agglomerans.1_35_TSB_Bae, Y.M., Zheng, L., Hyun, J.E., Jung, K.S., Heu, S. and Lee, S.Y., 2014. Growth characteristics and biofilm formation of various spoilage bacteria isolated from fresh produce. Journal of food science, 79(10), pp.M2072-M2080.",OD_595,0.0,0.0,0.62,5.0,-7.925558112444456,-0.9965767714556293
"Pantoea.agglomerans.1_5_TSB_Bae, Y.M., Zheng, L., Hyun, J.E., Jung, K.S., Heu, S. and Lee, S.Y., 2014. Growth characteristics and biofilm formation of various spoilage bacteria isolated from fresh produce. Journal of food science, 79(10), pp.M2072-M2080.",OD_595,0.0,0.0,0.62,5.0,-18.593789104088238,-20.863000984606714
"Pantoea.agglomerans.2_15_TSB_Bae, Y.M., Zheng, L., Hyun, J.E., Jung, K.S., Heu, S. and Lee, S.Y., 2014. Growth characteristics and biofilm formation of various spoilage bacteria isolated from fresh produce. Journal of food science, 79(10), pp.M2072-M2080.",OD_595,0.0,0.0,0.62,5.0,-11.30325513349704,-9.24215373084294
"Pantoea.agglomerans.2_25_TSB_Bae, Y.M., Zheng, L., Hyun, J.E., Jung, K.S., Heu, S. and Lee, S.Y., 2014. Growth characteristics and biofilm formation of various spoilage bacteria isolated from fresh produce. Journal of food science, 79(10), pp.M2072-M2080.",OD_595,0.0,0.0,0.62,5.0,-8.923429461436601,-0.30472785952390247
"Pantoea.agglomerans.2_35_TSB_Bae, Y.M., Zheng, L., Hyun, J.E., Jung, K.S., Heu, S. and Lee, S.Y., 2014. Growth characteristics and biofilm formation of various spoilage bacteria isolated from fresh produce. Journal of food science, 79(10), pp.M2072-M2080.",OD_595,0.0,0.0,0.62,5.0,-8.686708875288994,-0.5036399892305461
"Pantoea.agglomerans.2_5_TSB_Bae, Y.M., Zheng, L., Hyun, J.E., Jung, K.S., Heu, S. and Lee, S.Y., 2014. Growth characteristics and biofilm formation of various spoilage bacteria isolated from fresh produce. Journal of food science, 79(10), pp.M2072-M2080.",OD_595,0.0,0.0,0.62,5.0,-13.60557189815286,-19.41819275768375
"Pectobacterium.carotovorum.subsp..Carotovorum.Pcc2_15_TSB_Bae, Y.M., Zheng, L., Hyun, J.E., Jung, K.S., Heu, S. and Lee, S.Y., 2014. Growth characteristics and biofilm formation of various spoilage bacteria isolated from fresh produce. Journal of food science, 79(10), pp.M2072-M2080.",OD_595,0.0,0.0,0.62,5.0,-12.066192051126084,-19.066194364999827
"Pectobacterium.carotovorum.subsp..Carotovorum.Pcc2_25_TSB_Bae, Y.M., Zheng, L., Hyun, J.E., Jung, K.S., Heu, S. and Lee, S.Y., 2014. Growth characteristics and biofilm formation of various spoilage bacteria isolated from fresh produce. Journal of food science, 79(10), pp.M2072-M2080.",OD_595,0.0,0.0,0.62,5.0,-10.12569396556972,3.346780796013844
"Pectobacterium.carotovorum.subsp..Carotovorum.Pcc2_35_TSB_Bae, Y.M., Zheng, L., Hyun, J.E., Jung, K.S., Heu, S. and Lee, S.Y., 2014. Growth characteristics and biofilm formation of various spoilage bacteria isolated from fresh produce. Journal of food science, 79(10), pp.M2072-M2080.",OD_595,0.0,0.0,0.62,5.0,-48.11102328692168,2.784459979150375
"Pectobacterium.carotovorum.subsp..Carotovorum.Pcc2_5_TSB_Bae, Y.M., Zheng, L., Hyun, J.E., Jung, K.S., Heu, S. and Lee, S.Y., 2014. Growth characteristics and biofilm formation of various spoilage bacteria isolated from fresh produce. Journal of food science, 79(10), pp.M2072-M2080.",OD_595,0.0,0.0,0.62,5.0,-11016.00627950262,7.474845764246492
"Pseudomonas sp._12_APT Broth_Stannard, C.J., Williams, A.P. and Gibbs, P.A., 1985. Temperature/growth relationships for psychrotrophic food-spoilage bacteria. Food Microbiology, 2(2), pp.115-122.",OD_595,8.048053556919399e-09,13.14325845026893,0.8552876719481075,10.991689952226729,0.7876751521659537,171.6184039615221
"Pseudomonas sp._15_APT Broth_Stannard, C.J., Williams, A.P. and Gibbs, P.A., 1985. Temperature/growth relationships for psychrotrophic food-spoilage bacteria. Food Microbiology, 2(2), pp.115-122.",OD_595,9.276431860438805e-07,13.50428704076714,0.8840444855870683,4.551303639958487,0.6886153712293477,181.13388961728364
"Pseudomonas sp._2_APT Broth_Stannard, C.J., Williams, A.P. and Gibbs, P.A., 1985. Temperature/growth relationships for psychrotrophic food-spoilage bacteria. Food Microbiology, 2(2), pp.115-122.",OD_595,3091.0468379131103,8.287159414473413,154.42235910606982,5951.2683382213245,-0.3007594939115652,156.10629332785146
"Pseudomonas spp._10_Cooked Chicken Breast_Galarz, L.A., Fonseca, G.G. and Prentice, C., 2016. Predicting bacterial growth in raw, salted, and cooked chicken breast fillets during storage. Food Science and Technology International, 22(6), pp.461-474.",OD_595,0.0,8.168538054030181,0.2285680901336423,33.00139957742214,0.9413800801672045,133.3172812797655
"Pseudomonas spp._10_Raw Chicken Breast_Galarz, L.A., Fonseca, G.G. and Prentice, C., 2016. Predicting bacterial growth in raw, salted, and cooked chicken breast fillets during storage. Food Science and Technology International, 22(6), pp.461-474.",OD_595,0.0,7.589607261326925,0.20564779674616981,35.817550662358386,0.9769991506507295,128.49171932707182
"Pseudomonas spp._10_Salted Chicken Breast_Galarz, L.A., Fonseca, G.G. and Prentice, C., 2016. Predicting bacterial growth in raw, salted, and cooked chicken breast fillets during storage. Food Science and Technology International, 22(6), pp.461-474.",OD_595,0.019681524071200274,6.140536601354956,0.19801110213071932,39.515508095439046,0.948039417156024,103.95408482331857
"Pseudomonas spp._15_Cooked Chicken Breast_Galarz, L.A., Fonseca, G.G. and Prentice, C., 2016. Predicting bacterial growth in raw, salted, and cooked chicken breast fillets during storage. Food Science and Technology International, 22(6), pp.461-474.",OD_595,4.617731752531995e-09,8.733827077150703,0.3496654477789385,11.166293325655344,0.9266535501502834,161.83852243646584
"Pseudomonas spp._15_Raw Chicken Breast_Galarz, L.A., Fonseca, G.G. and Prentice, C., 2016. Predicting bacterial growth in raw, salted, and cooked chicken breast fillets during storage. Food Science and Technology International, 22(6), pp.461-474.",OD_595,1.0887134749282268e-08,9.29372781431949,0.25318761217877067,10.285019985588828,0.9721017465009757,147.78508317045333
"Pseudomonas spp._15_Salted Chicken Breast_Galarz, L.A., Fonseca, G.G. and Prentice, C., 2016. Predicting bacterial growth in raw, salted, and cooked chicken breast fillets during storage. Food Science and Technology International, 22(6), pp.461-474.",OD_595,3.6809004733129314e-09,7.477689764965769,0.19999442690832425,7.984756131691714,0.9928804155640377,90.27321880452762
"Pseudomonas spp._20_Cooked Chicken Breast_Galarz, L.A., Fonseca, G.G. and Prentice, C., 2016. Predicting bacterial growth in raw, salted, and cooked chicken breast fillets during storage. Food Science and Technology International, 22(6), pp.461-474.",OD_595,0.1936461763224735,8.211803726618488,0.6464924707172887,14.138412382952689,0.9697181611112724,99.33980783883761
"Pseudomonas spp._20_Raw Chicken Breast_Galarz, L.A., Fonseca, G.G. and Prentice, C., 2016. Predicting bacterial growth in raw, salted, and cooked chicken breast fillets during storage. Food Science and Technology International, 22(6), pp.461-474.",OD_595,0.36497021304002186,9.181096739284673,0.43343927916741637,8.750658171122641,0.9955044575568464,90.9766095061466
"Pseudomonas spp._20_Salted Chicken Breast_Galarz, L.A., Fonseca, G.G. and Prentice, C., 2016. Predicting bacterial growth in raw, salted, and cooked chicken breast fillets during storage. Food Science and Technology International, 22(6), pp.461-474.",OD_595,8.79296635503124e-14,7.5067613891606975,0.40856329385730045,11.722102472278397,0.9788789786698155,65.65862666141771
"Pseudomonas spp._2_Cooked Chicken Breast_Galarz, L.A., Fonseca, G.G. and Prentice, C., 2016. Predicting bacterial growth in raw, salted, and cooked chicken breast fillets during storage. Food Science and Technology International, 22(6), pp.461-474.",OD_595,4.015384624680134,6.594455445210083,-0.29338705191474307,27.212551284207457,-0.4107934116561003,146.37775251974648
"Pseudomonas spp._2_Raw Chicken Breast_Galarz, L.A., Fonseca, G.G. and Prentice, C., 2016. Predicting bacterial growth in raw, salted, and cooked chicken breast fillets during storage. Food Science and Technology International, 22(6), pp.461-474.",OD_595,3.8036801264065545,3.8034142659460395,0.457867062346707,16.18536241151127,-0.5958535247415662,129.13864399251457
"Pseudomonas spp._2_Salted Chicken Breast_Galarz, L.A., Fonseca, G.G. and Prentice, C., 2016. Predicting bacterial growth in raw, salted, and cooked chicken breast fillets during storage. Food Science and Technology International, 22(6), pp.461-474.",OD_595,5301.773245322509,3.4992531165620244,264.65431046226036,4917.1355253914435,-0.6061516371453572,121.44808542780848
"Pseudomonas spp._4_Cooked Chicken Breast_Galarz, L.A., Fonseca, G.G. and Prentice, C., 2016. Predicting bacterial growth in raw, salted, and cooked chicken breast fillets during storage. Food Science and Technology International, 22(6), pp.461-474.",OD_595,2.9897435897435884,5.892165242770699,0.62,5.0,-0.44640863727017877,82.9068360989529
"Pseudomonas spp._4_Raw Chicken Breast_Galarz, L.A., Fonseca, G.G. and Prentice, C., 2016. Predicting bacterial growth in raw, salted, and cooked chicken breast fillets during storage. Food Science and Technology International, 22(6), pp.461-474.",OD_595,0.25205623399137966,7.070098185732872,0.09874747619760735,109.88960338422253,0.9346138716929541,76.77115280425349
"Pseudomonas spp._4_Salted Chicken Breast_Galarz, L.A., Fonseca, G.G. and Prentice, C., 2016. Predicting bacterial growth in raw, salted, and cooked chicken breast fillets during storage. Food Science and Technology International, 22(6), pp.461-474.",OD_595,3854742.2177074593,3.418846413916368,142884.62524443425,32064216.117944356,-0.6567784129463974,69.97697381302534
"Pseudomonas spp._7_Cooked Chicken Breast_Galarz, L.A., Fonseca, G.G. and Prentice, C., 2016. Predicting bacterial growth in raw, salted, and cooked chicken breast fillets during storage. Food Science and Technology International, 22(6), pp.461-474.",OD_595,0.0,0.8665707199286883,-1.180113252320611,0.0010585210987026361,-0.4558358049741713,158.70182805033042
"Pseudomonas spp._7_Raw Chicken Breast_Galarz, L.A., Fonseca, G.G. and Prentice, C., 2016. Predicting bacterial growth in raw, salted, and cooked chicken breast fillets during storage. Food Science and Technology International, 22(6), pp.461-474.",OD_595,0.19467694663519963,6.464433422215638,0.11284376084644364,93.28358173287687,0.8307053358595606,99.7203014003627
"Pseudomonas spp._7_Salted Chicken Breast_Galarz, L.A., Fonseca, G.G. and Prentice, C., 2016. Predicting bacterial growth in raw, salted, and cooked chicken breast fillets during storage. Food Science and Technology International, 22(6), pp.461-474.",OD_595,0.34977511780497106,5.57774208538991,0.10336011416306258,107.3098683893298,0.9386078100195437,77.05760059474035
"Pseudomonas.fluorescens.1_15_TSB_Bae, Y.M., Zheng, L., Hyun, J.E., Jung, K.S., Heu, S. and Lee, S.Y., 2014. Growth characteristics and biofilm formation of various spoilage bacteria isolated from fresh produce. Journal of food science, 79(10), pp.M2072-M2080.",OD_595,0.0,0.0,0.62,5.0,-94.63222700522311,-0.5638304055881118
"Pseudomonas.fluorescens.1_25_TSB_Bae, Y.M., Zheng, L., Hyun, J.E., Jung, K.S., Heu, S. and Lee, S.Y., 2014. Growth characteristics and biofilm formation of various spoilage bacteria isolated from fresh produce. Journal of food science, 79(10), pp.M2072-M2080.",OD_595,0.0,0.0,0.62,5.0,-125.66738974022184,5.1386065265096335
"Pseudomonas.fluorescens.1_35_TSB_Bae, Y.M., Zheng, L., Hyun, J.E., Jung, K.S., Heu, S. and Lee, S.Y., 2014. Growth characteristics and biofilm formation of various spoilage bacteria isolated from fresh produce. Journal of food science, 79(10), pp.M2072-M2080.",OD_595,0.0,0.0,0.62,5.0,-185.08942420027824,4.7803925435284835
"Pseudomonas.fluorescens.1_5_TSB_Bae, Y.M., Zheng, L., Hyun, J.E., Jung, K.S., Heu, S. and Lee, S.Y., 2014. Growth characteristics and biofilm formation of various spoilage bacteria isolated from fresh produce. Journal of food science, 79(10), pp.M2072-M2080.",OD_595,0.0,0.0,0.62,5.0,-105.01248744596755,-4.5011121739727
"Pseudomonas.fluorescens.2_15_TSB_Bae, Y.M., Zheng, L., Hyun, J.E., Jung, K.S., Heu, S. and Lee, S.Y., 2014. Growth characteristics and biofilm formation of various spoilage bacteria isolated from fresh produce. Journal of food science, 79(10), pp.M2072-M2080.",OD_595,0.0,0.0,0.62,5.0,-85.48467627876988,-2.8298690233954655
"Pseudomonas.fluorescens.2_25_TSB_Bae, Y.M., Zheng, L., Hyun, J.E., Jung, K.S., Heu, S. and Lee, S.Y., 2014. Growth characteristics and biofilm formation of various spoilage bacteria isolated from fresh produce. Journal of food science, 79(10), pp.M2072-M2080.",OD_595,0.0,0.0,0.62,5.0,-49.24329065364155,3.9091354112157344
"Pseudomonas.fluorescens.2_35_TSB_Bae, Y.M., Zheng, L., Hyun, J.E., Jung, K.S., Heu, S. and Lee, S.Y., 2014. Growth characteristics and biofilm formation of various spoilage bacteria isolated from fresh produce. Journal of food science, 79(10), pp.M2072-M2080.",OD_595,0.0,0.0,0.62,5.0,-116.32487425697308,3.356457258557186
"Pseudomonas.fluorescens.2_5_TSB_Bae, Y.M., Zheng, L., Hyun, J.E., Jung, K.S., Heu, S. and Lee, S.Y., 2014. Growth characteristics and biofilm formation of various spoilage bacteria isolated from fresh produce. Journal of food science, 79(10), pp.M2072-M2080.",OD_595,0.0,0.0,0.62,5.0,-246.16515440981541,1.5261681212936944
"Salmonella Typhimurium_10_Vacuum Beef Striploins_Gill, C.O. and DeLacy, K.M., 1991. Growth of Escherichia coli and Salmonella typhimurium on high-pH beef packed under vacuum or carbon dioxide. International journal of food microbiology, 13(1), pp.21-30.",OD_595,4.6780470048596765,320.14347172721716,56.84914781458261,148.80999674673976,-0.10980511452043662,66.24766380847761
"Salmonella Typhimurium_12_C02 Beef Striploins_Gill, C.O. and DeLacy, K.M., 1991. Growth of Escherichia coli and Salmonella typhimurium on high-pH beef packed under vacuum or carbon dioxide. International journal of food microbiology, 13(1), pp.21-30.",OD_595,3.988342522200873,5.68133393390377,1.8752768332210845,3.965161969236524,0.9936010203147422,38.114685427400495
"Salmonella Typhimurium_12_Vacuum Beef Striploins_Gill, C.O. and DeLacy, K.M., 1991. Growth of Escherichia coli and Salmonella typhimurium on high-pH beef packed under vacuum or carbon dioxide. International journal of food microbiology, 13(1), pp.21-30.",OD_595,1.2137083622576483e-06,56.239131764546364,2.7353330344264797,6.710237427931531e-07,0.9715000749501634,59.798619923844
"Salmonella Typhimurium_15_C02 Beef Striploins_Gill, C.O. and DeLacy, K.M., 1991. Growth of Escherichia coli and Salmonella typhimurium on high-pH beef packed under vacuum or carbon dioxide. International journal of food microbiology, 13(1), pp.21-30.",OD_595,4.4835628980610664e-06,56.33723178451878,2.677433617470276,7.078642116908895e-10,0.954559578820037,79.90286951455646
"Salmonella Typhimurium_20_C02 Beef Striploins_Gill, C.O. and DeLacy, K.M., 1991. Growth of Escherichia coli and Salmonella typhimurium on high-pH beef packed under vacuum or carbon dioxide. International journal of food microbiology, 13(1), pp.21-30.",OD_595,4.204284432859425,9.523138928467349,7.619771477960987,0.09427696592581203,0.7914269057350135,91.5133213676636
"Salmonella Typhimurium_30_C02 Beef Striploins_Gill, C.O. and DeLacy, K.M., 1991. Growth of Escherichia coli and Salmonella typhimurium on high-pH beef packed under vacuum or carbon dioxide. International journal of food microbiology, 13(1), pp.21-30.",OD_595,7.274030506676633,6434.205145436493,353.0543766278304,4181.129480823956,-0.5787001857633869,120.01221620663614
"Salmonella Typhimurium_30_Vacuum Beef Striploins_Gill, C.O. and DeLacy, K.M., 1991. Growth of Escherichia coli and Salmonella typhimurium on high-pH beef packed under vacuum or carbon dioxide. International journal of food microbiology, 13(1), pp.21-30.",OD_595,3.6105767078332454,8.887721164267639,18.67727406088574,0.08390903629364121,0.9906443723578315,73.29358310739825
"Salmonella Typhimurium_8_Vacuum Beef Striploins_Gill, C.O. and DeLacy, K.M., 1991. Growth of Escherichia coli and Salmonella typhimurium on high-pH beef packed under vacuum or carbon dioxide. International journal of food microbiology, 13(1), pp.21-30.",OD_595,3.770763241233145,4.878950927479055,2.618474688035738,4.704438721394592,0.9577312975872183,32.28549534026686
"Spoilage_10_C02 Beef Striploins_Gill, C.O. and DeLacy, K.M., 1991. Growth of Escherichia coli and Salmonella typhimurium on high-pH beef packed under vacuum or carbon dioxide. International journal of food microbiology, 13(1), pp.21-30.",OD_595,5.424173031626397,9.427036652011193,2.3562013297126847,2.8844841480668157,0.9663110036009709,131.92633740724426
"Spoilage_10_Vacuum Beef Striploins_Gill, C.O. and DeLacy, K.M., 1991. Growth of Escherichia coli and Salmonella typhimurium on high-pH beef packed under vacuum or carbon dioxide. International journal of food microbiology, 13(1), pp.21-30.",OD_595,4.681632534524042,9.541759638930316,3.774831378655162,9.714289372908524e-10,0.9732599425170891,88.42059745697661
"Spoilage_12_C02 Beef Striploins_Gill, C.O. and DeLacy, K.M., 1991. Growth of Escherichia coli and Salmonella typhimurium on high-pH beef packed under vacuum or carbon dioxide. International journal of food microbiology, 13(1), pp.21-30.",OD_595,4.3636571023242254e-08,66.46376588184137,2.336245053552247,2.7648175349170856e-07,-0.3053123375993423,130.44128352883183
"Spoilage_12_Vacuum Beef Striploins_Gill, C.O. and DeLacy, K.M., 1991. Growth of Escherichia coli and Salmonella typhimurium on high-pH beef packed under vacuum or carbon dioxide. International journal of food microbiology, 13(1), pp.21-30.",OD_595,5.043362891910015,10.51459109878122,3.5319193962418143,1.328106739277005,0.9785106504260247,88.67887271779452
"Spoilage_15_C02 Beef Striploins_Gill, C.O. and DeLacy, K.M., 1991. Growth of Escherichia coli and Salmonella typhimurium on high-pH beef packed under vacuum or carbon dioxide. International journal of food microbiology, 13(1), pp.21-30.",OD_595,4.690227615887024,9.822740013119768,2.5516039077739774,1.6972716377636017,0.971897885098353,91.3239921303196
"Spoilage_20_C02 Beef Striploins_Gill, C.O. and DeLacy, K.M., 1991. Growth of Escherichia coli and Salmonella typhimurium on high-pH beef packed under vacuum or carbon dioxide. International journal of food microbiology, 13(1), pp.21-30.",OD_595,5.1325364439611905,14.873838969854521,6.326158725989951,0.5564878395582442,0.9933083643495824,67.50574604906454
"Spoilage_30_C02 Beef Striploins_Gill, C.O. and DeLacy, K.M., 1991. Growth of Escherichia coli and Salmonella typhimurium on high-pH beef packed under vacuum or carbon dioxide. International journal of food microbiology, 13(1), pp.21-30.",OD_595,4.070803769008247,12.13861540047981,8.059288080623382,0.0806883924078452,0.9990854688844694,64.44529344194973
"Spoilage_8_Vacuum Beef Striploins_Gill, C.O. and DeLacy, K.M., 1991. Growth of Escherichia coli and Salmonella typhimurium on high-pH beef packed under vacuum or carbon dioxide. International journal of food microbiology, 13(1), pp.21-30.",OD_595,1.0356462563088087e-06,71.01222607284315,3.43075776181164,3.28526426285336e-06,0.1895222527160788,127.8248728806952
"Staphylococcus spp._10_Cooked Chicken Breast_Galarz, L.A., Fonseca, G.G. and Prentice, C., 2016. Predicting bacterial growth in raw, salted, and cooked chicken breast fillets during storage. Food Science and Technology International, 22(6), pp.461-474.",OD_595,4574.552779593943,3.4494766505638212,262.0640910970137,4965.975506464573,-0.3139683359204759,134.0625147813022
"Staphylococcus spp._10_Raw Chicken Breast_Galarz, L.A., Fonseca, G.G. and Prentice, C., 2016. Predicting bacterial growth in raw, salted, and cooked chicken breast fillets during storage. Food Science and Technology International, 22(6), pp.461-474.",OD_595,2227.439619015286,4.10961852870268,37.03142126412876,2013.363585259337,-0.4339332993438467,154.1438079549366
"Staphylococcus spp._10_Salted Chicken Breast_Galarz, L.A., Fonseca, G.G. and Prentice, C., 2016. Predicting bacterial growth in raw, salted, and cooked chicken breast fillets during storage. Food Science and Technology International, 22(6), pp.461-474.",OD_595,3.563216388613455e-11,7.954924368388694,0.1472355419681062,16.508651878184892,0.8992030951737257,146.50857513162745
"Staphylococcus spp._15_Cooked Chicken Breast_Galarz, L.A., Fonseca, G.G. and Prentice, C., 2016. Predicting bacterial growth in raw, salted, and cooked chicken breast fillets during storage. Food Science and Technology International, 22(6), pp.461-474.",OD_595,4.133344486764026,4.0351339481777435,-0.7212632733335264,4.589006843395029,-0.3975398243966526,152.45309791365065
"Staphylococcus spp._15_Raw Chicken Breast_Galarz, L.A., Fonseca, G.G. and Prentice, C., 2016. Predicting bacterial growth in raw, salted, and cooked chicken breast fillets during storage. Food Science and Technology International, 22(6), pp.461-474.",OD_595,3243.2481299663223,4.288836223867913,307.34009183029167,5232.730214592276,-0.3880019031879922,117.58221291143535
"Staphylococcus spp._15_Salted Chicken Breast_Galarz, L.A., Fonseca, G.G. and Prentice, C., 2016. Predicting bacterial growth in raw, salted, and cooked chicken breast fillets during storage. Food Science and Technology International, 22(6), pp.461-474.",OD_595,1.0194334480968315,8.642223497931136,0.21977478480541773,24.39365891092404,0.9109876732516181,141.9083170271785
"Staphylococcus spp._20_Cooked Chicken Breast_Galarz, L.A., Fonseca, G.G. and Prentice, C., 2016. Predicting bacterial growth in raw, salted, and cooked chicken breast fillets during storage. Food Science and Technology International, 22(6), pp.461-474.",OD_595,8.720464794720328e-09,9.282897721067638,0.39861834112918954,9.119975946247052,0.9912612631356542,84.07308684211144
"Staphylococcus spp._20_Raw Chicken Breast_Galarz, L.A., Fonseca, G.G. and Prentice, C., 2016. Predicting bacterial growth in raw, salted, and cooked chicken breast fillets during storage. Food Science and Technology International, 22(6), pp.461-474.",OD_595,1.2312796741694108,7.254516492391511,0.4586887340453194,15.157708374473039,0.9904501396732953,70.87050850757728
"Staphylococcus spp._20_Salted Chicken Breast_Galarz, L.A., Fonseca, G.G. and Prentice, C., 2016. Predicting bacterial growth in raw, salted, and cooked chicken breast fillets during storage. Food Science and Technology International, 22(6), pp.461-474.",OD_595,0.4860491263981339,9.311291918996753,0.38978292798365216,12.387389168317807,0.9533461531955506,100.33924115959871
"Staphylococcus spp._2_Cooked Chicken Breast_Galarz, L.A., Fonseca, G.G. and Prentice, C., 2016. Predicting bacterial growth in raw, salted, and cooked chicken breast fillets during storage. Food Science and Technology International, 22(6), pp.461-474.",OD_595,7698878.426753687,1.875603772639597,381077.0863893849,6721477.39193131,-0.33680798188681504,55.53238562541699
"Staphylococcus spp._2_Raw Chicken Breast_Galarz, L.A., Fonseca, G.G. and Prentice, C., 2016. Predicting bacterial growth in raw, salted, and cooked chicken breast fillets during storage. Food Science and Technology International, 22(6), pp.461-474.",OD_595,3.183453500810174e-12,8.00517454247799,0.04650983310037448,157.64666038389694,0.9880031287110104,68.62499520049869
"Staphylococcus spp._2_Salted Chicken Breast_Galarz, L.A., Fonseca, G.G. and Prentice, C., 2016. Predicting bacterial growth in raw, salted, and cooked chicken breast fillets during storage. Food Science and Technology International, 22(6), pp.461-474.",OD_595,161338.65382214898,2.705399074119977,855.2593104429011,97841.99963149574,-0.22994238296040348,116.37273632070598
"Staphylococcus spp._4_Cooked Chicken Breast_Galarz, L.A., Fonseca, G.G. and Prentice, C., 2016. Predicting bacterial growth in raw, salted, and cooked chicken breast fillets during storage. Food Science and Technology International, 22(6), pp.461-474.",OD_595,0.570048309178742,5.473429951690822,0.62,5.0,-0.4046368728135572,77.23085215371631
"Staphylococcus spp._4_Raw Chicken Breast_Galarz, L.A., Fonseca, G.G. and Prentice, C., 2016. Predicting bacterial growth in raw, salted, and cooked chicken breast fillets during storage. Food Science and Technology International, 22(6), pp.461-474.",OD_595,0.13865678051166785,5.726354041685697,0.05907945125681858,158.6817947334784,0.9927396838803397,44.4791938886802
"Staphylococcus spp._4_Salted Chicken Breast_Galarz, L.A., Fonseca, G.G. and Prentice, C., 2016. Predicting bacterial growth in raw, salted, and cooked chicken breast fillets during storage. Food Science and Technology International, 22(6), pp.461-474.",OD_595,1.1924882629107967,5.910798122065728,0.62,5.0,-0.9818400425109588,74.10570229412433
"Staphylococcus spp._7_Cooked Chicken Breast_Galarz, L.A., Fonseca, G.G. and Prentice, C., 2016. Predicting bacterial growth in raw, salted, and cooked chicken breast fillets during storage. Food Science and Technology International, 22(6), pp.461-474.",OD_595,10985.982209435835,2.718877768699311,194.24481581175598,8212.011192499625,-0.33036676486743244,137.9843958486007
"Staphylococcus spp._7_Raw Chicken Breast_Galarz, L.A., Fonseca, G.G. and Prentice, C., 2016. Predicting bacterial growth in raw, salted, and cooked chicken breast fillets during storage. Food Science and Technology International, 22(6), pp.461-474.",OD_595,3.1531125932460213e-08,7.455083450785407,0.12572270506526567,64.6326447373925,0.9450539856539172,146.16809172431778
"Staphylococcus spp._7_Salted Chicken Breast_Galarz, L.A., Fonseca, G.G. and Prentice, C., 2016. Predicting bacterial growth in raw, salted, and cooked chicken breast fillets during storage. Food Science and Technology International, 22(6), pp.461-474.",OD_595,15974.911296777818,4.163777550554295,208.65481987898247,6919.0218970703045,-0.4577601002757974,177.27338476787153
"Stenotrophomonas.maltophilia..RDA.R._15_TSB_Bae, Y.M., Zheng, L., Hyun, J.E., Jung, K.S., Heu, S. and Lee, S.Y., 2014. Growth characteristics and biofilm formation of various spoilage bacteria isolated from fresh produce. Journal of food science, 79(10), pp.M2072-M2080.",OD_595,0.0,0.0,0.62,5.0,-151.60506526260457,-0.3196101825694715
"Stenotrophomonas.maltophilia..RDA.R._25_TSB_Bae, Y.M., Zheng, L., Hyun, J.E., Jung, K.S., Heu, S. and Lee, S.Y., 2014. Growth characteristics and biofilm formation of various spoilage bacteria isolated from fresh produce. Journal of food science, 79(10), pp.M2072-M2080.",OD_595,0.0,0.0,0.62,5.0,-93.56391081158291,5.085128444331735
"Stenotrophomonas.maltophilia..RDA.R._35_TSB_Bae, Y.M., Zheng, L., Hyun, J.E., Jung, K.S., Heu, S. and Lee, S.Y., 2014. Growth characteristics and biofilm formation of various spoilage bacteria isolated from fresh produce. Journal of food science, 79(10), pp.M2072-M2080.",OD_595,0.0,0.0,0.62,5.0,-336.73723536736935,5.767716288330561
"Stenotrophomonas.maltophilia..RDA.R._5_TSB_Bae, Y.M., Zheng, L., Hyun, J.E., Jung, K.S., Heu, S. and Lee, S.Y., 2014. Growth characteristics and biofilm formation of various spoilage bacteria isolated from fresh produce. Journal of food science, 79(10), pp.M2072-M2080.",OD_595,0.0,0.0,0.62,5.0,-269.6290182178813,2.3949159940896427
"Stenotrophomonas.maltophilia.1_15_TSB_Bae, Y.M., Zheng, L., Hyun, J.E., Jung, K.S., Heu, S. and Lee, S.Y., 2014. Growth characteristics and biofilm formation of various spoilage bacteria isolated from fresh produce. Journal of food science, 79(10), pp.M2072-M2080.",OD_595,0.0,0.0,0.62,5.0,-148.738940982661,-0.2661809975557592
"Stenotrophomonas.maltophilia.1_25_TSB_Bae, Y.M., Zheng, L., Hyun, J.E., Jung, K.S., Heu, S. and Lee, S.Y., 2014. Growth characteristics and biofilm formation of various spoilage bacteria isolated from fresh produce. Journal of food science, 79(10), pp.M2072-M2080.",OD_595,0.0,0.0,0.62,5.0,-130.35405867970664,4.4409644153631955
"Stenotrophomonas.maltophilia.1_35_TSB_Bae, Y.M., Zheng, L., Hyun, J.E., Jung, K.S., Heu, S. and Lee, S.Y., 2014. Growth characteristics and biofilm formation of various spoilage bacteria isolated from fresh produce. Journal of food science, 79(10), pp.M2072-M2080.",OD_595,0.0,0.0,0.62,5.0,-144.5772354788631,4.136491912226722
"Stenotrophomonas.maltophilia.1_5_TSB_Bae, Y.M., Zheng, L., Hyun, J.E., Jung, K.S., Heu, S. and Lee, S.Y., 2014. Growth characteristics and biofilm formation of various spoilage bacteria isolated from fresh produce. Journal of food science, 79(10), pp.M2072-M2080.",OD_595,0.0,0.0,0.62,5.0,-156.84297237950858,-2.290036025733526
"Stenotrophomonas.maltophilia.2_15_TSB_Bae, Y.M., Zheng, L., Hyun, J.E., Jung, K.S., Heu, S. and Lee, S.Y., 2014. Growth characteristics and biofilm formation of various spoilage bacteria isolated from fresh produce. Journal of food science, 79(10), pp.M2072-M2080.",OD_595,0.0,0.0,0.62,5.0,-77.8514888772107,-1.8169758940208816
"Stenotrophomonas.maltophilia.2_25_TSB_Bae, Y.M., Zheng, L., Hyun, J.E., Jung, K.S., Heu, S. and Lee, S.Y., 2014. Growth characteristics and biofilm formation of various spoilage bacteria isolated from fresh produce. Journal of food science, 79(10), pp.M2072-M2080.",OD_595,0.0,0.0,0.62,5.0,-14.088438655732451,1.441838607129351
"Stenotrophomonas.maltophilia.2_35_TSB_Bae, Y.M., Zheng, L., Hyun, J.E., Jung, K.S., Heu, S. and Lee, S.Y., 2014. Growth characteristics and biofilm formation of various spoilage bacteria isolated from fresh produce. Journal of food science, 79(10), pp.M2072-M2080.",OD_595,0.0,0.0,0.62,5.0,-241.59277794050027,4.705276021778902
"Stenotrophomonas.maltophilia.2_5_TSB_Bae, Y.M., Zheng, L., Hyun, J.E., Jung, K.S., Heu, S. and Lee, S.Y., 2014. Growth characteristics and biofilm formation of various spoilage bacteria isolated from fresh produce. Journal of food science, 79(10), pp.M2072-M2080.",OD_595,0.0,0.0,0.62,5.0,-89.42627774439623,-3.1892217994291503
"Tetraselmis tetrahele_16_ESAW_Bernhardt, J.R., Sunday, J.M. and O’Connor, M.I., 2018. Metabolic theory and the temperature-size rule explain the temperature dependence of population carrying capacity. The American naturalist, 192(6), pp.687-697.",OD_595,7.096391910169757,9.75864682199635,0.08772760453685685,121.43768365843651,0.8903022824612313,972.6289668265078
"Tetraselmis tetrahele_25_ESAW_Bernhardt, J.R., Sunday, J.M. and O’Connor, M.I., 2018. Metabolic theory and the temperature-size rule explain the temperature dependence of population carrying capacity. The American naturalist, 192(6), pp.687-697.",OD_595,5159.667560895284,8.967577818317785,1282.344719514729,10240.03386409123,-0.11385203518258957,1095.1001681939274
"Tetraselmis tetrahele_32_ESAW_Bernhardt, J.R., Sunday, J.M. and O’Connor, M.I., 2018. Metabolic theory and the temperature-size rule explain the temperature dependence of population carrying capacity. The American naturalist, 192(6), pp.687-697.",OD_595,927.8734590571821,7.482991029989863,597.9899086797054,1453.5136184656403,-0.2522735927769628,872.9728580790636
"Tetraselmis tetrahele_5_ESAW_Bernhardt, J.R., Sunday, J.M. and O’Connor, M.I., 2018. Metabolic theory and the temperature-size rule explain the temperature dependence of population carrying capacity. The American naturalist, 192(6), pp.687-697.",OD_595,6.469673257234237,9.832964471557045,0.02545540195279342,157.82089072077292,0.9350691576731704,801.1710739304602
"Tetraselmis tetrahele_8_ESAW_Bernhardt, J.R., Sunday, J.M. and O’Connor, M.I., 2018. Metabolic theory and the temperature-size rule explain the temperature dependence of population carrying capacity. The American naturalist, 192(6), pp.687-697.",OD_595,6.615796923590555,9.819425459751493,0.03786681309696416,99.15814178835453,0.9061747312516251,848.5036998297805
"Weissella viridescens_12_MRS broth_Silva, A.P.R.D., Longhi, D.A., Dalcanton, F. and Aragão, G.M.F.D., 2018. Modelling the growth of lactic acid bacteria at different temperatures. Brazilian Archives of Biology and Technology, 61.",OD_595,3.0215084111243584,21.237482629861105,0.549244120408815,1.5153376131671337e-07,0.9366817495349269,519.5456582501054
"Weissella viridescens_16_MRS broth_Silva, A.P.R.D., Longhi, D.A., Dalcanton, F. and Aragão, G.M.F.D., 2018. Modelling the growth of lactic acid bacteria at different temperatures. Brazilian Archives of Biology and Technology, 61.",OD_595,3.034514725215664,21.262443031599986,0.8558648531408468,4.241121971393369e-07,0.8476852702275366,655.1166075719498
"Weissella viridescens_20_MRS broth_Silva, A.P.R.D., Longhi, D.A., Dalcanton, F. and Aragão, G.M.F.D., 2018. Modelling the growth of lactic acid bacteria at different temperatures. Brazilian Archives of Biology and Technology, 61.",OD_595,3.868742816917301,21.73992485510731,1.5928891455149468,2.8383552969838046,0.844755480600216,591.8903493627411
"Weissella viridescens_30_MRS broth_Silva, A.P.R.D., Longhi, D.A., Dalcanton, F. and Aragão, G.M.F.D., 2018. Modelling the growth of lactic acid bacteria at different temperatures. Brazilian Archives of Biology and Technology, 61.",OD_595,4.164169308077851,21.73828021051349,2.7642826124102107,1.471786836041728,0.7460449980681487,517.8015302043955
"Weissella viridescens_4_MRS broth_Silva, A.P.R.D., Longhi, D.A., Dalcanton, F. and Aragão, G.M.F.D., 2018. Modelling the growth of lactic acid bacteria at different temperatures. Brazilian Archives of Biology and Technology, 61.",OD_595,2.924345375367917,13.458279707278782,0.05981715330158573,9.708130921382008e-07,0.9837989083195801,158.74698374676677
"Weissella viridescens_8_MRS broth_Silva, A.P.R.D., Longhi, D.A., Dalcanton, F. and Aragão, G.M.F.D., 2018. Modelling the growth of lactic acid bacteria at different temperatures. Brazilian Archives of Biology and Technology, 61.",OD_595,2.7838135441840497,20.256140694909746,0.20581563079428072,1.340477422395736e-07,0.9938074382063239,653.9685260396735
