ID,PopBio_units,Time^2,Time,constant,R-square,AIC
"Acinetobacter.clacoaceticus..RDA.R._15_TSB_Bae, Y.M., Zheng, L., Hyun, J.E., Jung, K.S., Heu, S. and Lee, S.Y., 2014. Growth characteristics and biofilm formation of various spoilage bacteria isolated from fresh produce. Journal of food science, 79(10), pp.M2072-M2080.",OD_595,-1.4801245893230215e-05,0.007227712838933892,-2.77934942070047,0.37873017124138575,-143.9294622038035
"Acinetobacter.clacoaceticus..RDA.R._25_TSB_Bae, Y.M., Zheng, L., Hyun, J.E., Jung, K.S., Heu, S. and Lee, S.Y., 2014. Growth characteristics and biofilm formation of various spoilage bacteria isolated from fresh produce. Journal of food science, 79(10), pp.M2072-M2080.",OD_595,-0.0002598911023412753,0.040736509226355785,-3.391347906523389,0.7509885495717109,-103.96086104695141
"Acinetobacter.clacoaceticus..RDA.R._35_TSB_Bae, Y.M., Zheng, L., Hyun, J.E., Jung, K.S., Heu, S. and Lee, S.Y., 2014. Growth characteristics and biofilm formation of various spoilage bacteria isolated from fresh produce. Journal of food science, 79(10), pp.M2072-M2080.",OD_595,-0.00022893742738437485,0.03570867253990094,-3.212638041985199,0.3396528783207329,-97.99107286459625
"Acinetobacter.clacoaceticus..RDA.R._5_TSB_Bae, Y.M., Zheng, L., Hyun, J.E., Jung, K.S., Heu, S. and Lee, S.Y., 2014. Growth characteristics and biofilm formation of various spoilage bacteria isolated from fresh produce. Journal of food science, 79(10), pp.M2072-M2080.",OD_595,-3.231370923086149e-06,0.003369817556289911,-3.92365788970321,0.890503694131693,-320.4370521214734
"Acinetobacter.clacoaceticus.1_15_TSB_Bae, Y.M., Zheng, L., Hyun, J.E., Jung, K.S., Heu, S. and Lee, S.Y., 2014. Growth characteristics and biofilm formation of various spoilage bacteria isolated from fresh produce. Journal of food science, 79(10), pp.M2072-M2080.",OD_595,-9.489693940958123e-06,0.004895332884776394,-2.101520991012134,0.3072681994988776,-136.377054582801
"Acinetobacter.clacoaceticus.1_25_TSB_Bae, Y.M., Zheng, L., Hyun, J.E., Jung, K.S., Heu, S. and Lee, S.Y., 2014. Growth characteristics and biofilm formation of various spoilage bacteria isolated from fresh produce. Journal of food science, 79(10), pp.M2072-M2080.",OD_595,-0.0002934977420643744,0.04273998275198503,-3.037623496493708,0.6676711372631496,-81.78258944081429
"Acinetobacter.clacoaceticus.1_35_TSB_Bae, Y.M., Zheng, L., Hyun, J.E., Jung, K.S., Heu, S. and Lee, S.Y., 2014. Growth characteristics and biofilm formation of various spoilage bacteria isolated from fresh produce. Journal of food science, 79(10), pp.M2072-M2080.",OD_595,-0.00024452479818098114,0.046321557443044815,-2.753928644193609,0.5929530475554868,-71.05191719081112
"Acinetobacter.clacoaceticus.1_5_TSB_Bae, Y.M., Zheng, L., Hyun, J.E., Jung, K.S., Heu, S. and Lee, S.Y., 2014. Growth characteristics and biofilm formation of various spoilage bacteria isolated from fresh produce. Journal of food science, 79(10), pp.M2072-M2080.",OD_595,-7.057398044614105e-06,0.006906559919643455,-3.7391979205678543,0.9459588813119476,-270.0538683242843
"Acinetobacter.clacoaceticus.2_15_TSB_Bae, Y.M., Zheng, L., Hyun, J.E., Jung, K.S., Heu, S. and Lee, S.Y., 2014. Growth characteristics and biofilm formation of various spoilage bacteria isolated from fresh produce. Journal of food science, 79(10), pp.M2072-M2080.",OD_595,-2.6807587453636154e-05,0.013606692205484196,-3.299332460127694,0.12205268952966997,-137.0587274861648
"Acinetobacter.clacoaceticus.2_25_TSB_Bae, Y.M., Zheng, L., Hyun, J.E., Jung, K.S., Heu, S. and Lee, S.Y., 2014. Growth characteristics and biofilm formation of various spoilage bacteria isolated from fresh produce. Journal of food science, 79(10), pp.M2072-M2080.",OD_595,-0.00039820965422432804,0.05870164564199856,-3.316020670906581,0.7604881821519373,-78.6268242645643
"Acinetobacter.clacoaceticus.2_35_TSB_Bae, Y.M., Zheng, L., Hyun, J.E., Jung, K.S., Heu, S. and Lee, S.Y., 2014. Growth characteristics and biofilm formation of various spoilage bacteria isolated from fresh produce. Journal of food science, 79(10), pp.M2072-M2080.",OD_595,-0.0004445186544800278,0.06290811296307346,-2.946413114027496,0.6227439570767315,-76.8077445128499
"Acinetobacter.clacoaceticus.2_5_TSB_Bae, Y.M., Zheng, L., Hyun, J.E., Jung, K.S., Heu, S. and Lee, S.Y., 2014. Growth characteristics and biofilm formation of various spoilage bacteria isolated from fresh produce. Journal of food science, 79(10), pp.M2072-M2080.",OD_595,-8.549609937479572e-06,0.008127832210259147,-4.068186393303831,0.8957104618251976,-256.4448947183973
"Aerobic Mesophilic._10_Cooked Chicken Breast_Galarz, L.A., Fonseca, G.G. and Prentice, C., 2016. Predicting bacterial growth in raw, salted, and cooked chicken breast fillets during storage. Food Science and Technology International, 22(6), pp.461-474.",OD_595,-0.00023625169028223335,0.0995315307900914,-2.295870198708383,0.6164782176181907,150.32409316938111
"Aerobic Mesophilic._10_Raw Chicken Breast_Galarz, L.A., Fonseca, G.G. and Prentice, C., 2016. Predicting bacterial growth in raw, salted, and cooked chicken breast fillets during storage. Food Science and Technology International, 22(6), pp.461-474.",OD_595,-0.000245619095241872,0.10114069233641555,-3.0784210992832035,0.85834139329218,99.32133210861511
"Aerobic Mesophilic._10_Salted Chicken Breast_Galarz, L.A., Fonseca, G.G. and Prentice, C., 2016. Predicting bacterial growth in raw, salted, and cooked chicken breast fillets during storage. Food Science and Technology International, 22(6), pp.461-474.",OD_595,-0.00034602111571021253,0.11412791430459422,-3.3807581841749044,0.9717862003313403,84.42702257865429
"Aerobic Mesophilic._15_Cooked Chicken Breast_Galarz, L.A., Fonseca, G.G. and Prentice, C., 2016. Predicting bacterial growth in raw, salted, and cooked chicken breast fillets during storage. Food Science and Technology International, 22(6), pp.461-474.",OD_595,-0.000526697762866076,0.15749618275324112,-2.07875420570504,0.7541883839586102,122.42183538219975
"Aerobic Mesophilic._15_Raw Chicken Breast_Galarz, L.A., Fonseca, G.G. and Prentice, C., 2016. Predicting bacterial growth in raw, salted, and cooked chicken breast fillets during storage. Food Science and Technology International, 22(6), pp.461-474.",OD_595,-0.001126577147157799,0.22672975609565557,-4.074053602443342,0.9350863104475737,92.56103111934252
"Aerobic Mesophilic._15_Salted Chicken Breast_Galarz, L.A., Fonseca, G.G. and Prentice, C., 2016. Predicting bacterial growth in raw, salted, and cooked chicken breast fillets during storage. Food Science and Technology International, 22(6), pp.461-474.",OD_595,-0.0006054411281496466,0.15521188330196303,-3.1809913580832423,0.9856238012534895,54.559665202426885
"Aerobic Mesophilic._20_Cooked Chicken Breast_Galarz, L.A., Fonseca, G.G. and Prentice, C., 2016. Predicting bacterial growth in raw, salted, and cooked chicken breast fillets during storage. Food Science and Technology International, 22(6), pp.461-474.",OD_595,0.00045942625282948215,0.15653004783436286,-0.9564623685502863,0.06805475615051038,131.08472371677004
"Aerobic Mesophilic._20_Raw Chicken Breast_Galarz, L.A., Fonseca, G.G. and Prentice, C., 2016. Predicting bacterial growth in raw, salted, and cooked chicken breast fillets during storage. Food Science and Technology International, 22(6), pp.461-474.",OD_595,-0.0022523102598549795,0.3038725523848132,-2.94680583519738,0.8616407578245273,72.79123630671977
"Aerobic Mesophilic._20_Salted Chicken Breast_Galarz, L.A., Fonseca, G.G. and Prentice, C., 2016. Predicting bacterial growth in raw, salted, and cooked chicken breast fillets during storage. Food Science and Technology International, 22(6), pp.461-474.",OD_595,0.0019087511979135367,0.05554756604546178,-0.2803724006175954,0.42525018600134334,81.58807070561465
"Aerobic Mesophilic._2_Cooked Chicken Breast_Galarz, L.A., Fonseca, G.G. and Prentice, C., 2016. Predicting bacterial growth in raw, salted, and cooked chicken breast fillets during storage. Food Science and Technology International, 22(6), pp.461-474.",OD_595,-4.346021193496329e-06,0.017778393570995275,-1.3510106887307831,0.10988593614062048,105.82734443141958
"Aerobic Mesophilic._2_Raw Chicken Breast_Galarz, L.A., Fonseca, G.G. and Prentice, C., 2016. Predicting bacterial growth in raw, salted, and cooked chicken breast fillets during storage. Food Science and Technology International, 22(6), pp.461-474.",OD_595,-5.898165340833677e-06,0.017822584254719546,-1.5088600437766915,0.4648358219292532,98.09109745449526
"Aerobic Mesophilic._2_Salted Chicken Breast_Galarz, L.A., Fonseca, G.G. and Prentice, C., 2016. Predicting bacterial growth in raw, salted, and cooked chicken breast fillets during storage. Food Science and Technology International, 22(6), pp.461-474.",OD_595,-1.9417563439519815e-06,0.015048513765310483,-1.137258690555031,0.2956248148744687,102.95037102675485
"Aerobic Mesophilic._4_Cooked Chicken Breast_Galarz, L.A., Fonseca, G.G. and Prentice, C., 2016. Predicting bacterial growth in raw, salted, and cooked chicken breast fillets during storage. Food Science and Technology International, 22(6), pp.461-474.",OD_595,-6.175959731798307e-05,0.06496721181279515,-8.075020591824334,0.4062017998919689,103.01923508416988
"Aerobic Mesophilic._4_Raw Chicken Breast_Galarz, L.A., Fonseca, G.G. and Prentice, C., 2016. Predicting bacterial growth in raw, salted, and cooked chicken breast fillets during storage. Food Science and Technology International, 22(6), pp.461-474.",OD_595,-2.6677497265068863e-05,0.031112740343970675,-2.5410960890312375,0.6940583644605935,70.94702082080859
"Aerobic Mesophilic._4_Salted Chicken Breast_Galarz, L.A., Fonseca, G.G. and Prentice, C., 2016. Predicting bacterial growth in raw, salted, and cooked chicken breast fillets during storage. Food Science and Technology International, 22(6), pp.461-474.",OD_595,-2.593313640444849e-05,0.031786760486622094,-2.2572110874933475,0.7058314960937115,81.40277730687026
"Aerobic Mesophilic._7_Cooked Chicken Breast_Galarz, L.A., Fonseca, G.G. and Prentice, C., 2016. Predicting bacterial growth in raw, salted, and cooked chicken breast fillets during storage. Food Science and Technology International, 22(6), pp.461-474.",OD_595,-7.734291263234955e-06,0.039666524473840406,-2.037914391370517,-0.8831612309276444,187.52005699073192
"Aerobic Mesophilic._7_Raw Chicken Breast_Galarz, L.A., Fonseca, G.G. and Prentice, C., 2016. Predicting bacterial growth in raw, salted, and cooked chicken breast fillets during storage. Food Science and Technology International, 22(6), pp.461-474.",OD_595,-1.742189160567474e-05,0.03381034219052501,-0.6705783139985526,-0.07923895217908483,194.88593336105507
"Aerobic Mesophilic._7_Salted Chicken Breast_Galarz, L.A., Fonseca, G.G. and Prentice, C., 2016. Predicting bacterial growth in raw, salted, and cooked chicken breast fillets during storage. Food Science and Technology International, 22(6), pp.461-474.",OD_595,2.3352541773189553e-05,0.020748501916330316,-0.5931807841896226,0.11725220695731464,173.30279555466413
"Aerobic Psychotropic._10_Cooked Chicken Breast_Galarz, L.A., Fonseca, G.G. and Prentice, C., 2016. Predicting bacterial growth in raw, salted, and cooked chicken breast fillets during storage. Food Science and Technology International, 22(6), pp.461-474.",OD_595,-0.00017472289533064,0.08006508550879717,-1.9181891763611145,0.9493285856406649,113.53467308433946
"Aerobic Psychotropic._10_Raw Chicken Breast_Galarz, L.A., Fonseca, G.G. and Prentice, C., 2016. Predicting bacterial growth in raw, salted, and cooked chicken breast fillets during storage. Food Science and Technology International, 22(6), pp.461-474.",OD_595,-0.0002317491574257576,0.09152594944640591,-2.9170137896050745,0.8765647433218231,101.10274698606383
"Aerobic Psychotropic._10_Salted Chicken Breast_Galarz, L.A., Fonseca, G.G. and Prentice, C., 2016. Predicting bacterial growth in raw, salted, and cooked chicken breast fillets during storage. Food Science and Technology International, 22(6), pp.461-474.",OD_595,-0.00016720739575813546,0.07362862617445091,-1.6027548185096563,0.8318477737251676,113.3234561201595
"Aerobic Psychotropic._15_Cooked Chicken Breast_Galarz, L.A., Fonseca, G.G. and Prentice, C., 2016. Predicting bacterial growth in raw, salted, and cooked chicken breast fillets during storage. Food Science and Technology International, 22(6), pp.461-474.",OD_595,-0.0005145504740375634,0.14778615376755097,-2.763093014520385,0.7913868894014596,104.20363029489955
"Aerobic Psychotropic._15_Raw Chicken Breast_Galarz, L.A., Fonseca, G.G. and Prentice, C., 2016. Predicting bacterial growth in raw, salted, and cooked chicken breast fillets during storage. Food Science and Technology International, 22(6), pp.461-474.",OD_595,-0.00029482860366690446,0.12141795535219607,-1.4655628067279336,0.36912684884338154,127.97135277156006
"Aerobic Psychotropic._15_Salted Chicken Breast_Galarz, L.A., Fonseca, G.G. and Prentice, C., 2016. Predicting bacterial growth in raw, salted, and cooked chicken breast fillets during storage. Food Science and Technology International, 22(6), pp.461-474.",OD_595,-0.00043050085116292373,0.11810790106317078,-1.8400944510074015,0.9708296122829964,59.19423168307124
"Aerobic Psychotropic._20_Cooked Chicken Breast_Galarz, L.A., Fonseca, G.G. and Prentice, C., 2016. Predicting bacterial growth in raw, salted, and cooked chicken breast fillets during storage. Food Science and Technology International, 22(6), pp.461-474.",OD_595,-4.442266476366088e-05,0.1382139458585439,-1.1579776913744972,0.6556770197901527,90.12223351322307
"Aerobic Psychotropic._20_Raw Chicken Breast_Galarz, L.A., Fonseca, G.G. and Prentice, C., 2016. Predicting bacterial growth in raw, salted, and cooked chicken breast fillets during storage. Food Science and Technology International, 22(6), pp.461-474.",OD_595,-0.0014179460733214717,0.2645127186414347,-2.8030129573663105,0.7152633083215002,82.3100031435448
"Aerobic Psychotropic._20_Salted Chicken Breast_Galarz, L.A., Fonseca, G.G. and Prentice, C., 2016. Predicting bacterial growth in raw, salted, and cooked chicken breast fillets during storage. Food Science and Technology International, 22(6), pp.461-474.",OD_595,-0.0032762520785964387,0.4001332896868882,-6.3626791263029565,0.9244455898553252,46.990328581428145
"Aerobic Psychotropic._2_Cooked Chicken Breast_Galarz, L.A., Fonseca, G.G. and Prentice, C., 2016. Predicting bacterial growth in raw, salted, and cooked chicken breast fillets during storage. Food Science and Technology International, 22(6), pp.461-474.",OD_595,1.7236281691205966e-06,0.01600322268941132,-1.8034165582147565,0.031026742658681994,123.97142828241189
"Aerobic Psychotropic._2_Raw Chicken Breast_Galarz, L.A., Fonseca, G.G. and Prentice, C., 2016. Predicting bacterial growth in raw, salted, and cooked chicken breast fillets during storage. Food Science and Technology International, 22(6), pp.461-474.",OD_595,-1.7333458784162883e-05,0.025965796611363393,-2.2483970222735095,0.7816689414623176,98.97029428056122
"Aerobic Psychotropic._2_Salted Chicken Breast_Galarz, L.A., Fonseca, G.G. and Prentice, C., 2016. Predicting bacterial growth in raw, salted, and cooked chicken breast fillets during storage. Food Science and Technology International, 22(6), pp.461-474.",OD_595,-1.915197463121573e-05,0.024882597593738506,-1.8144560795162274,0.9402578895745084,75.76141914320188
"Aerobic Psychotropic._4_Cooked Chicken Breast_Galarz, L.A., Fonseca, G.G. and Prentice, C., 2016. Predicting bacterial growth in raw, salted, and cooked chicken breast fillets during storage. Food Science and Technology International, 22(6), pp.461-474.",OD_595,-9.551231123531557e-06,0.025134910882573244,-2.427828598111323,0.24358701520659887,102.03309290867482
"Aerobic Psychotropic._4_Raw Chicken Breast_Galarz, L.A., Fonseca, G.G. and Prentice, C., 2016. Predicting bacterial growth in raw, salted, and cooked chicken breast fillets during storage. Food Science and Technology International, 22(6), pp.461-474.",OD_595,-5.919612958385622e-05,0.053492459651168285,-4.974635661718448,0.9627027488706762,61.00212102207378
"Aerobic Psychotropic._4_Salted Chicken Breast_Galarz, L.A., Fonseca, G.G. and Prentice, C., 2016. Predicting bacterial growth in raw, salted, and cooked chicken breast fillets during storage. Food Science and Technology International, 22(6), pp.461-474.",OD_595,-5.03845338682757e-05,0.04772366415560955,-4.978088573482894,0.9672915779866335,49.88683380294741
"Aerobic Psychotropic._7_Cooked Chicken Breast_Galarz, L.A., Fonseca, G.G. and Prentice, C., 2016. Predicting bacterial growth in raw, salted, and cooked chicken breast fillets during storage. Food Science and Technology International, 22(6), pp.461-474.",OD_595,-6.415282443890922e-06,0.02904982092125981,-1.1141629814190315,-0.6362011880289935,175.21509355025017
"Aerobic Psychotropic._7_Raw Chicken Breast_Galarz, L.A., Fonseca, G.G. and Prentice, C., 2016. Predicting bacterial growth in raw, salted, and cooked chicken breast fillets during storage. Food Science and Technology International, 22(6), pp.461-474.",OD_595,-2.3087609565082124e-05,0.033926742139153275,-0.732330614726585,0.07637668107362439,174.17638107827284
"Aerobic Psychotropic._7_Salted Chicken Breast_Galarz, L.A., Fonseca, G.G. and Prentice, C., 2016. Predicting bacterial growth in raw, salted, and cooked chicken breast fillets during storage. Food Science and Technology International, 22(6), pp.461-474.",OD_595,-6.141716164032324e-07,0.023329503396457348,-0.3087108229796851,0.6258200817540549,154.694816358517
"Arthrobacter aurescens_0_TGE agar_Roth, N.G. and Wheaton, R.B., 1962. Continuity of psychrophilic and mesophilic growth characteristics in the genus Arthrobacter. Journal of bacteriology, 83(3), pp.551-555.",OD_595,2.139609485488916e-05,-0.0046795973210527995,1.152917728989216,0.6429511936841834,126.94758270683059
"Arthrobacter aurescens_20_TGE agar_Roth, N.G. and Wheaton, R.B., 1962. Continuity of psychrophilic and mesophilic growth characteristics in the genus Arthrobacter. Journal of bacteriology, 83(3), pp.551-555.",OD_595,-0.00024060424658472196,0.07378189214321818,0.9537306258838452,0.09133351316800797,79.81398279335714
"Arthrobacter aurescens_37_TGE agar_Roth, N.G. and Wheaton, R.B., 1962. Continuity of psychrophilic and mesophilic growth characteristics in the genus Arthrobacter. Journal of bacteriology, 83(3), pp.551-555.",OD_595,-2.051375889210453e-05,0.02028605768548727,0.6091901433385264,0.9008308370780821,33.68134537165056
"Arthrobacter aurescens_7_TGE agar_Roth, N.G. and Wheaton, R.B., 1962. Continuity of psychrophilic and mesophilic growth characteristics in the genus Arthrobacter. Journal of bacteriology, 83(3), pp.551-555.",OD_595,-9.135486687423085e-05,0.04559754300457939,1.0554637547338552,0.7253792983621221,111.94356807087246
"Arthrobacter citreus_0_TGE agar_Roth, N.G. and Wheaton, R.B., 1962. Continuity of psychrophilic and mesophilic growth characteristics in the genus Arthrobacter. Journal of bacteriology, 83(3), pp.551-555.",OD_595,4.184419794666585e-05,-0.01150741893372685,1.4849846401556122,0.9114714473141869,60.99586535930209
"Arthrobacter citreus_20_TGE agar_Roth, N.G. and Wheaton, R.B., 1962. Continuity of psychrophilic and mesophilic growth characteristics in the genus Arthrobacter. Journal of bacteriology, 83(3), pp.551-555.",OD_595,-0.00016681338496593183,0.05956844213301165,1.1116671350163698,0.913256447599182,73.37456660041387
"Arthrobacter citreus_30_TGE agar_Roth, N.G. and Wheaton, R.B., 1962. Continuity of psychrophilic and mesophilic growth characteristics in the genus Arthrobacter. Journal of bacteriology, 83(3), pp.551-555.",OD_595,-0.0002937069658923982,0.07416696533364352,0.8033816801716428,0.7604008364723746,71.97508626066934
"Arthrobacter citreus_37_TGE agar_Roth, N.G. and Wheaton, R.B., 1962. Continuity of psychrophilic and mesophilic growth characteristics in the genus Arthrobacter. Journal of bacteriology, 83(3), pp.551-555.",OD_595,-0.00018832963458217532,0.06753308758274623,0.29472997041491134,0.7759292270750302,88.83256018628579
"Arthrobacter citreus_7_TGE agar_Roth, N.G. and Wheaton, R.B., 1962. Continuity of psychrophilic and mesophilic growth characteristics in the genus Arthrobacter. Journal of bacteriology, 83(3), pp.551-555.",OD_595,-3.325109827797544e-05,0.027250212038156224,0.18469735469806242,0.8281885344005562,76.25661668808651
"Arthrobacter globiformis_0_TGE agar_Roth, N.G. and Wheaton, R.B., 1962. Continuity of psychrophilic and mesophilic growth characteristics in the genus Arthrobacter. Journal of bacteriology, 83(3), pp.551-555.",OD_595,2.568323103914888e-08,-1.390787187591056e-05,1.0092023424620238,0.05303656200668028,-173.93702340819277
"Arthrobacter globiformis_20_TGE agar_Roth, N.G. and Wheaton, R.B., 1962. Continuity of psychrophilic and mesophilic growth characteristics in the genus Arthrobacter. Journal of bacteriology, 83(3), pp.551-555.",OD_595,-0.000132627360057424,0.04540613996800336,1.3111608339576515,0.5674739870759593,62.78010516785084
"Arthrobacter globiformis_30_TGE agar_Roth, N.G. and Wheaton, R.B., 1962. Continuity of psychrophilic and mesophilic growth characteristics in the genus Arthrobacter. Journal of bacteriology, 83(3), pp.551-555.",OD_595,-0.0001597787794013246,0.05164275132586093,1.6549731034115687,0.5644400112718879,67.96952856596124
"Arthrobacter globiformis_37_TGE agar_Roth, N.G. and Wheaton, R.B., 1962. Continuity of psychrophilic and mesophilic growth characteristics in the genus Arthrobacter. Journal of bacteriology, 83(3), pp.551-555.",OD_595,-0.00024892945491527163,0.06223663184693189,2.0558693500335203,-0.2264656569144936,68.87071786789173
"Arthrobacter globiformis_7_TGE agar_Roth, N.G. and Wheaton, R.B., 1962. Continuity of psychrophilic and mesophilic growth characteristics in the genus Arthrobacter. Journal of bacteriology, 83(3), pp.551-555.",OD_595,-2.009091173432326e-05,0.017526313442873837,0.9064208553028366,0.9436908792881601,83.38398435967812
"Arthrobacter simplex_0_TGE agar_Roth, N.G. and Wheaton, R.B., 1962. Continuity of psychrophilic and mesophilic growth characteristics in the genus Arthrobacter. Journal of bacteriology, 83(3), pp.551-555.",OD_595,4.015153404438507e-08,-9.958278480680277e-06,1.0083811385609058,0.328402276650557,-158.7048916570859
"Arthrobacter simplex_20_TGE agar_Roth, N.G. and Wheaton, R.B., 1962. Continuity of psychrophilic and mesophilic growth characteristics in the genus Arthrobacter. Journal of bacteriology, 83(3), pp.551-555.",OD_595,-0.00016171069929619966,0.06028978290227693,0.5398825068841824,0.7461121641922212,66.9860126859513
"Arthrobacter simplex_30_TGE agar_Roth, N.G. and Wheaton, R.B., 1962. Continuity of psychrophilic and mesophilic growth characteristics in the genus Arthrobacter. Journal of bacteriology, 83(3), pp.551-555.",OD_595,-0.00014326724858991038,0.05226550545718881,1.5749330441335045,-0.2986031857853948,84.66441605145923
"Arthrobacter simplex_37_TGE agar_Roth, N.G. and Wheaton, R.B., 1962. Continuity of psychrophilic and mesophilic growth characteristics in the genus Arthrobacter. Journal of bacteriology, 83(3), pp.551-555.",OD_595,-0.00019850974893467866,0.06144156511867309,1.6426754131783916,0.5893915780697423,81.42399769100835
"Arthrobacter simplex_7_TGE agar_Roth, N.G. and Wheaton, R.B., 1962. Continuity of psychrophilic and mesophilic growth characteristics in the genus Arthrobacter. Journal of bacteriology, 83(3), pp.551-555.",OD_595,-7.372313900705307e-07,0.011603322544601771,0.29834365137364316,0.6762158306193994,123.86825014895295
"Arthrobacter sp. 62_0_TGE agar_Roth, N.G. and Wheaton, R.B., 1962. Continuity of psychrophilic and mesophilic growth characteristics in the genus Arthrobacter. Journal of bacteriology, 83(3), pp.551-555.",OD_595,-1.3130531555054012e-06,0.012163446878020148,-0.3260686899582902,0.9307648031580659,136.33197088724933
"Arthrobacter sp. 62_20_TGE agar_Roth, N.G. and Wheaton, R.B., 1962. Continuity of psychrophilic and mesophilic growth characteristics in the genus Arthrobacter. Journal of bacteriology, 83(3), pp.551-555.",OD_595,-0.000747259746701903,0.13939879105686404,0.29150175161528874,0.9266205438039278,85.05090990990672
"Arthrobacter sp. 62_30_TGE agar_Roth, N.G. and Wheaton, R.B., 1962. Continuity of psychrophilic and mesophilic growth characteristics in the genus Arthrobacter. Journal of bacteriology, 83(3), pp.551-555.",OD_595,9.04938580311997e-08,-5.174577394704125e-05,1.026097286731408,0.2824766552652247,-80.69437955211707
"Arthrobacter sp. 62_37_TGE agar_Roth, N.G. and Wheaton, R.B., 1962. Continuity of psychrophilic and mesophilic growth characteristics in the genus Arthrobacter. Journal of bacteriology, 83(3), pp.551-555.",OD_595,8.462247725039294e-08,-2.159804521134186e-05,1.0124459712711122,0.6974619662004995,-137.10246460554455
"Arthrobacter sp. 62_7_TGE agar_Roth, N.G. and Wheaton, R.B., 1962. Continuity of psychrophilic and mesophilic growth characteristics in the genus Arthrobacter. Journal of bacteriology, 83(3), pp.551-555.",OD_595,-4.3870746814113445e-05,0.03262047127191032,0.6647194544516865,0.972904685946765,99.88076041441917
"Arthrobacter sp. 77_0_TGE agar_Roth, N.G. and Wheaton, R.B., 1962. Continuity of psychrophilic and mesophilic growth characteristics in the genus Arthrobacter. Journal of bacteriology, 83(3), pp.551-555.",OD_595,-1.6705430951098642e-05,0.01942886136074967,0.44582394586880975,0.9787831899838765,128.98307917120476
"Arthrobacter sp. 77_20_TGE agar_Roth, N.G. and Wheaton, R.B., 1962. Continuity of psychrophilic and mesophilic growth characteristics in the genus Arthrobacter. Journal of bacteriology, 83(3), pp.551-555.",OD_595,-0.0007848948185199761,0.12981310180492855,0.40650094204260057,0.8297803973998547,58.870569515258865
"Arthrobacter sp. 77_30_TGE agar_Roth, N.G. and Wheaton, R.B., 1962. Continuity of psychrophilic and mesophilic growth characteristics in the genus Arthrobacter. Journal of bacteriology, 83(3), pp.551-555.",OD_595,-0.00026652405061138176,0.07723223644322628,0.7012924941742588,-0.01833127649357058,97.63288405327494
"Arthrobacter sp. 77_37_TGE agar_Roth, N.G. and Wheaton, R.B., 1962. Continuity of psychrophilic and mesophilic growth characteristics in the genus Arthrobacter. Journal of bacteriology, 83(3), pp.551-555.",OD_595,8.539068210018612e-08,-4.233499695498951e-05,0.9991715200478792,0.3800872819354838,-146.30398003550337
"Arthrobacter sp. 77_7_TGE agar_Roth, N.G. and Wheaton, R.B., 1962. Continuity of psychrophilic and mesophilic growth characteristics in the genus Arthrobacter. Journal of bacteriology, 83(3), pp.551-555.",OD_595,-4.803322239118926e-05,0.03303082114865986,0.8629908188636249,0.7522260846805467,127.44493816703374
"Arthrobacter sp. 88_0_TGE agar_Roth, N.G. and Wheaton, R.B., 1962. Continuity of psychrophilic and mesophilic growth characteristics in the genus Arthrobacter. Journal of bacteriology, 83(3), pp.551-555.",OD_595,-2.393156790013589e-05,0.02416659456219825,-1.0812133425185673,0.9855633534645476,53.28367636649772
"Arthrobacter sp. 88_20_TGE agar_Roth, N.G. and Wheaton, R.B., 1962. Continuity of psychrophilic and mesophilic growth characteristics in the genus Arthrobacter. Journal of bacteriology, 83(3), pp.551-555.",OD_595,-0.00019094692383683496,0.06481046401407266,2.0574327169745583,-0.8441847318561952,183.82641592814753
"Arthrobacter sp. 88_30_TGE agar_Roth, N.G. and Wheaton, R.B., 1962. Continuity of psychrophilic and mesophilic growth characteristics in the genus Arthrobacter. Journal of bacteriology, 83(3), pp.551-555.",OD_595,-0.00022989450916419674,0.08660658011007889,-0.8558119690502975,0.273394839412632,131.05517784059197
"Arthrobacter sp. 88_37_TGE agar_Roth, N.G. and Wheaton, R.B., 1962. Continuity of psychrophilic and mesophilic growth characteristics in the genus Arthrobacter. Journal of bacteriology, 83(3), pp.551-555.",OD_595,-6.494931189736023e-08,5.0560818931861204e-05,1.0061322632257497,0.21906913698094355,-133.80395127751478
"Arthrobacter sp. 88_7_TGE agar_Roth, N.G. and Wheaton, R.B., 1962. Continuity of psychrophilic and mesophilic growth characteristics in the genus Arthrobacter. Journal of bacteriology, 83(3), pp.551-555.",OD_595,-6.653965618860367e-05,0.03369096919379904,1.1585806394186602,0.8110038954004284,66.26191401827938
"Bacillus.pumilus..RDA.R._15_TSB_Bae, Y.M., Zheng, L., Hyun, J.E., Jung, K.S., Heu, S. and Lee, S.Y., 2014. Growth characteristics and biofilm formation of various spoilage bacteria isolated from fresh produce. Journal of food science, 79(10), pp.M2072-M2080.",OD_595,-3.1406175786663746e-05,0.02078753390741219,-4.708533056943462,0.7072490849175262,-130.39620407656153
"Bacillus.pumilus..RDA.R._25_TSB_Bae, Y.M., Zheng, L., Hyun, J.E., Jung, K.S., Heu, S. and Lee, S.Y., 2014. Growth characteristics and biofilm formation of various spoilage bacteria isolated from fresh produce. Journal of food science, 79(10), pp.M2072-M2080.",OD_595,-0.0003989890311054816,0.07877078859575723,-4.704998596819175,0.6961199894434345,-77.72694673416487
"Bacillus.pumilus..RDA.R._35_TSB_Bae, Y.M., Zheng, L., Hyun, J.E., Jung, K.S., Heu, S. and Lee, S.Y., 2014. Growth characteristics and biofilm formation of various spoilage bacteria isolated from fresh produce. Journal of food science, 79(10), pp.M2072-M2080.",OD_595,-0.0003629217868849328,0.063841017954917,-3.36071838016138,0.4927212349188208,-76.86046023591547
"Bacillus.pumilus..RDA.R._5_TSB_Bae, Y.M., Zheng, L., Hyun, J.E., Jung, K.S., Heu, S. and Lee, S.Y., 2014. Growth characteristics and biofilm formation of various spoilage bacteria isolated from fresh produce. Journal of food science, 79(10), pp.M2072-M2080.",OD_595,-8.907669095639357e-06,0.0024708347496682436,-6.53680905013906,-0.008735824052543695,-123.90229735164752
"Bacillus.pumilus_15_TSB_Bae, Y.M., Zheng, L., Hyun, J.E., Jung, K.S., Heu, S. and Lee, S.Y., 2014. Growth characteristics and biofilm formation of various spoilage bacteria isolated from fresh produce. Journal of food science, 79(10), pp.M2072-M2080.",OD_595,-3.3008790171448685e-05,0.01819773502588678,-4.13552084453794,0.6878580544697546,-151.33170840262136
"Bacillus.pumilus_25_TSB_Bae, Y.M., Zheng, L., Hyun, J.E., Jung, K.S., Heu, S. and Lee, S.Y., 2014. Growth characteristics and biofilm formation of various spoilage bacteria isolated from fresh produce. Journal of food science, 79(10), pp.M2072-M2080.",OD_595,-0.00025462122987561373,0.05901092303889418,-4.2899657822520485,0.672264164886015,-72.99317725843241
"Bacillus.pumilus_35_TSB_Bae, Y.M., Zheng, L., Hyun, J.E., Jung, K.S., Heu, S. and Lee, S.Y., 2014. Growth characteristics and biofilm formation of various spoilage bacteria isolated from fresh produce. Journal of food science, 79(10), pp.M2072-M2080.",OD_595,-0.0006238764624663562,0.10947668086737913,-5.116366463825855,-1.3292597174895144,-49.44238605625579
"Bacillus.pumilus_5_TSB_Bae, Y.M., Zheng, L., Hyun, J.E., Jung, K.S., Heu, S. and Lee, S.Y., 2014. Growth characteristics and biofilm formation of various spoilage bacteria isolated from fresh produce. Journal of food science, 79(10), pp.M2072-M2080.",OD_595,-5.363323200520715e-06,0.002290250725812585,-5.794530959265715,0.198861761690435,-331.9099750920796
"Chryseobacterium.balustinum_15_TSB_Bae, Y.M., Zheng, L., Hyun, J.E., Jung, K.S., Heu, S. and Lee, S.Y., 2014. Growth characteristics and biofilm formation of various spoilage bacteria isolated from fresh produce. Journal of food science, 79(10), pp.M2072-M2080.",OD_595,-1.8880038385070254e-05,0.011401434224788438,-2.650300919640796,0.6345705424384829,-118.30557963962775
"Chryseobacterium.balustinum_25_TSB_Bae, Y.M., Zheng, L., Hyun, J.E., Jung, K.S., Heu, S. and Lee, S.Y., 2014. Growth characteristics and biofilm formation of various spoilage bacteria isolated from fresh produce. Journal of food science, 79(10), pp.M2072-M2080.",OD_595,-0.00018801129234921677,0.04702842347153285,-3.8009699240608805,0.8301359831975834,-66.31540522450354
"Chryseobacterium.balustinum_35_TSB_Bae, Y.M., Zheng, L., Hyun, J.E., Jung, K.S., Heu, S. and Lee, S.Y., 2014. Growth characteristics and biofilm formation of various spoilage bacteria isolated from fresh produce. Journal of food science, 79(10), pp.M2072-M2080.",OD_595,-0.00029079974115211733,0.054939490071807054,-3.411549681201812,0.826207925904503,-78.6512227195525
"Chryseobacterium.balustinum_5_TSB_Bae, Y.M., Zheng, L., Hyun, J.E., Jung, K.S., Heu, S. and Lee, S.Y., 2014. Growth characteristics and biofilm formation of various spoilage bacteria isolated from fresh produce. Journal of food science, 79(10), pp.M2072-M2080.",OD_595,-1.2295140474379865e-05,0.012351430704827249,-4.2987680599594,0.8646883177588349,-186.10787492400934
"Clavibacter.michiganensis..RDA.R._15_TSB_Bae, Y.M., Zheng, L., Hyun, J.E., Jung, K.S., Heu, S. and Lee, S.Y., 2014. Growth characteristics and biofilm formation of various spoilage bacteria isolated from fresh produce. Journal of food science, 79(10), pp.M2072-M2080.",OD_595,-3.7579511671266826e-05,0.019562181958246567,-3.068445230756642,0.6781591876952664,-100.83796112832465
"Clavibacter.michiganensis..RDA.R._25_TSB_Bae, Y.M., Zheng, L., Hyun, J.E., Jung, K.S., Heu, S. and Lee, S.Y., 2014. Growth characteristics and biofilm formation of various spoilage bacteria isolated from fresh produce. Journal of food science, 79(10), pp.M2072-M2080.",OD_595,-0.0004408496615842984,0.07437113388085022,-3.314353717053267,0.7168217248857137,-67.35693589666312
"Clavibacter.michiganensis..RDA.R._35_TSB_Bae, Y.M., Zheng, L., Hyun, J.E., Jung, K.S., Heu, S. and Lee, S.Y., 2014. Growth characteristics and biofilm formation of various spoilage bacteria isolated from fresh produce. Journal of food science, 79(10), pp.M2072-M2080.",OD_595,-0.00035231908686258144,0.059903598430833864,-2.506008934611101,0.2866120490534111,-51.05210372296574
"Clavibacter.michiganensis..RDA.R._5_TSB_Bae, Y.M., Zheng, L., Hyun, J.E., Jung, K.S., Heu, S. and Lee, S.Y., 2014. Growth characteristics and biofilm formation of various spoilage bacteria isolated from fresh produce. Journal of food science, 79(10), pp.M2072-M2080.",OD_595,-7.722443468937033e-06,0.008854060423270992,-3.6991290328644744,0.9838781898822376,-239.13143876032396
"Clavibacter.michiganensis_15_TSB_Bae, Y.M., Zheng, L., Hyun, J.E., Jung, K.S., Heu, S. and Lee, S.Y., 2014. Growth characteristics and biofilm formation of various spoilage bacteria isolated from fresh produce. Journal of food science, 79(10), pp.M2072-M2080.",OD_595,-3.326970843952867e-05,0.018299137305261066,-2.725722926962682,0.6189468296003852,-87.03125542240456
"Clavibacter.michiganensis_25_TSB_Bae, Y.M., Zheng, L., Hyun, J.E., Jung, K.S., Heu, S. and Lee, S.Y., 2014. Growth characteristics and biofilm formation of various spoilage bacteria isolated from fresh produce. Journal of food science, 79(10), pp.M2072-M2080.",OD_595,-0.0003912712175394579,0.06926428772658991,-2.928836983320113,0.7305790542877433,-52.65761958874651
"Clavibacter.michiganensis_35_TSB_Bae, Y.M., Zheng, L., Hyun, J.E., Jung, K.S., Heu, S. and Lee, S.Y., 2014. Growth characteristics and biofilm formation of various spoilage bacteria isolated from fresh produce. Journal of food science, 79(10), pp.M2072-M2080.",OD_595,-0.0003732911515038828,0.06607962392647193,-2.603704217663156,0.3281823605766938,-42.39631888149161
"Clavibacter.michiganensis_5_TSB_Bae, Y.M., Zheng, L., Hyun, J.E., Jung, K.S., Heu, S. and Lee, S.Y., 2014. Growth characteristics and biofilm formation of various spoilage bacteria isolated from fresh produce. Journal of food science, 79(10), pp.M2072-M2080.",OD_595,-9.442243018074006e-06,0.009968503035684355,-3.519344917420043,0.9578751199111172,-199.59809505052894
"Dickeya.zeae..RDA.R._15_TSB_Bae, Y.M., Zheng, L., Hyun, J.E., Jung, K.S., Heu, S. and Lee, S.Y., 2014. Growth characteristics and biofilm formation of various spoilage bacteria isolated from fresh produce. Journal of food science, 79(10), pp.M2072-M2080.",OD_595,-3.399256520558185e-05,0.017670402888991403,-2.492785452225575,0.05012556029415016,-66.78088633741869
"Dickeya.zeae..RDA.R._25_TSB_Bae, Y.M., Zheng, L., Hyun, J.E., Jung, K.S., Heu, S. and Lee, S.Y., 2014. Growth characteristics and biofilm formation of various spoilage bacteria isolated from fresh produce. Journal of food science, 79(10), pp.M2072-M2080.",OD_595,-0.00036895375000481264,0.06426264736957238,-2.5357633729688587,0.3684647738468302,-36.99464560259958
"Dickeya.zeae..RDA.R._35_TSB_Bae, Y.M., Zheng, L., Hyun, J.E., Jung, K.S., Heu, S. and Lee, S.Y., 2014. Growth characteristics and biofilm formation of various spoilage bacteria isolated from fresh produce. Journal of food science, 79(10), pp.M2072-M2080.",OD_595,-0.00028577309946926455,0.03536745947532135,-1.491302246390761,-0.06278234110963132,-34.46986884602456
"Dickeya.zeae..RDA.R._5_TSB_Bae, Y.M., Zheng, L., Hyun, J.E., Jung, K.S., Heu, S. and Lee, S.Y., 2014. Growth characteristics and biofilm formation of various spoilage bacteria isolated from fresh produce. Journal of food science, 79(10), pp.M2072-M2080.",OD_595,9.491091590035134e-07,-0.0023179657671584574,-4.928983705219562,0.2713654833569483,-324.59566644187174
"Dickeya.zeae_15_TSB_Bae, Y.M., Zheng, L., Hyun, J.E., Jung, K.S., Heu, S. and Lee, S.Y., 2014. Growth characteristics and biofilm formation of various spoilage bacteria isolated from fresh produce. Journal of food science, 79(10), pp.M2072-M2080.",OD_595,-3.1264933165690266e-05,0.016319069042880722,-2.437278834199504,0.1330808009124037,-74.56160497765582
"Dickeya.zeae_25_TSB_Bae, Y.M., Zheng, L., Hyun, J.E., Jung, K.S., Heu, S. and Lee, S.Y., 2014. Growth characteristics and biofilm formation of various spoilage bacteria isolated from fresh produce. Journal of food science, 79(10), pp.M2072-M2080.",OD_595,-0.0004554066389220631,0.0744635034453049,-2.7625720012726127,0.2700777859908762,-39.15089394624157
"Dickeya.zeae_35_TSB_Bae, Y.M., Zheng, L., Hyun, J.E., Jung, K.S., Heu, S. and Lee, S.Y., 2014. Growth characteristics and biofilm formation of various spoilage bacteria isolated from fresh produce. Journal of food science, 79(10), pp.M2072-M2080.",OD_595,-0.0003845275754485679,0.056106793562537415,-1.9165845535831605,-0.47237001247499855,-28.36949164632633
"Dickeya.zeae_5_TSB_Bae, Y.M., Zheng, L., Hyun, J.E., Jung, K.S., Heu, S. and Lee, S.Y., 2014. Growth characteristics and biofilm formation of various spoilage bacteria isolated from fresh produce. Journal of food science, 79(10), pp.M2072-M2080.",OD_595,9.449026590885996e-06,-0.006692900850083383,-4.000413403099291,0.6199371589027504,-341.5809183198119
"Enterobacter.sp._15_TSB_Bae, Y.M., Zheng, L., Hyun, J.E., Jung, K.S., Heu, S. and Lee, S.Y., 2014. Growth characteristics and biofilm formation of various spoilage bacteria isolated from fresh produce. Journal of food science, 79(10), pp.M2072-M2080.",OD_595,-2.1558152401351744e-05,0.012736745599527808,-1.7507299112740522,0.4291547405507373,-76.30886023130586
"Enterobacter.sp._25_TSB_Bae, Y.M., Zheng, L., Hyun, J.E., Jung, K.S., Heu, S. and Lee, S.Y., 2014. Growth characteristics and biofilm formation of various spoilage bacteria isolated from fresh produce. Journal of food science, 79(10), pp.M2072-M2080.",OD_595,-8.853102271663324e-05,0.03408797852546031,-3.0446235986115435,0.8193336710916588,-58.932374056323326
"Enterobacter.sp._35_TSB_Bae, Y.M., Zheng, L., Hyun, J.E., Jung, K.S., Heu, S. and Lee, S.Y., 2014. Growth characteristics and biofilm formation of various spoilage bacteria isolated from fresh produce. Journal of food science, 79(10), pp.M2072-M2080.",OD_595,-0.00022717790447667147,0.03906357978929302,-1.317609916462157,0.08166122118518226,-31.152675345845616
"Enterobacter.sp._5_TSB_Bae, Y.M., Zheng, L., Hyun, J.E., Jung, K.S., Heu, S. and Lee, S.Y., 2014. Growth characteristics and biofilm formation of various spoilage bacteria isolated from fresh produce. Journal of food science, 79(10), pp.M2072-M2080.",OD_595,-7.587838074261711e-06,0.006462677655482796,-1.766024151448387,0.3978732067362425,-125.89652461341504
"Escherichia coli_10_C02 Beef Striploins_Gill, C.O. and DeLacy, K.M., 1991. Growth of Escherichia coli and Salmonella typhimurium on high-pH beef packed under vacuum or carbon dioxide. International journal of food microbiology, 13(1), pp.21-30.",OD_595,0.01837105899640746,0.04884951956296491,4.464950166255218,0.9888596418729054,81.53498672835866
"Escherichia coli_10_Vacuum Beef Striploins_Gill, C.O. and DeLacy, K.M., 1991. Growth of Escherichia coli and Salmonella typhimurium on high-pH beef packed under vacuum or carbon dioxide. International journal of food microbiology, 13(1), pp.21-30.",OD_595,-0.1295923006509574,1.5105297624814071,3.670046461578814,0.9412280064433262,72.10160379721076
"Escherichia coli_12_C02 Beef Striploins_Gill, C.O. and DeLacy, K.M., 1991. Growth of Escherichia coli and Salmonella typhimurium on high-pH beef packed under vacuum or carbon dioxide. International journal of food microbiology, 13(1), pp.21-30.",OD_595,0.046131927468162186,-0.17258657547358744,3.8313129866742925,0.9983966949076045,29.21746212678198
"Escherichia coli_12_Vacuum Beef Striploins_Gill, C.O. and DeLacy, K.M., 1991. Growth of Escherichia coli and Salmonella typhimurium on high-pH beef packed under vacuum or carbon dioxide. International journal of food microbiology, 13(1), pp.21-30.",OD_595,0.0194543051904161,0.9819804790752688,3.6199870602147146,0.9657744560333634,80.57058146592422
"Escherichia coli_15_C02 Beef Striploins_Gill, C.O. and DeLacy, K.M., 1991. Growth of Escherichia coli and Salmonella typhimurium on high-pH beef packed under vacuum or carbon dioxide. International journal of food microbiology, 13(1), pp.21-30.",OD_595,0.01797427564728921,0.7600275304946141,3.4255253782330146,0.9901053553534989,75.88239231749264
"Escherichia coli_20_C02 Beef Striploins_Gill, C.O. and DeLacy, K.M., 1991. Growth of Escherichia coli and Salmonella typhimurium on high-pH beef packed under vacuum or carbon dioxide. International journal of food microbiology, 13(1), pp.21-30.",OD_595,-1.37051717426666,5.083262101672701,4.519538092859437,0.9618619871191121,85.56501860112901
"Escherichia coli_30_C02 Beef Striploins_Gill, C.O. and DeLacy, K.M., 1991. Growth of Escherichia coli and Salmonella typhimurium on high-pH beef packed under vacuum or carbon dioxide. International journal of food microbiology, 13(1), pp.21-30.",OD_595,-4.026050620463426,9.575260381640481,3.3869898842291195,0.9887833480067058,87.53873661616848
"Escherichia coli_30_Vacuum Beef Striploins_Gill, C.O. and DeLacy, K.M., 1991. Growth of Escherichia coli and Salmonella typhimurium on high-pH beef packed under vacuum or carbon dioxide. International journal of food microbiology, 13(1), pp.21-30.",OD_595,-4.630633906654992,9.934695965877522,4.001564040572597,0.8728659520673614,94.40046420745317
"Escherichia coli_8_Vacuum Beef Striploins_Gill, C.O. and DeLacy, K.M., 1991. Growth of Escherichia coli and Salmonella typhimurium on high-pH beef packed under vacuum or carbon dioxide. International journal of food microbiology, 13(1), pp.21-30.",OD_595,0.007800659304258818,0.5268564023776308,2.862382258441457,0.9903173633504267,40.36749572306845
"Klebsiella.pneumonia..RDA.R._15_TSB_Bae, Y.M., Zheng, L., Hyun, J.E., Jung, K.S., Heu, S. and Lee, S.Y., 2014. Growth characteristics and biofilm formation of various spoilage bacteria isolated from fresh produce. Journal of food science, 79(10), pp.M2072-M2080.",OD_595,-2.346161923519187e-05,0.013563244982795682,-1.9203942449729063,0.4621444244597348,-93.84890243558668
"Klebsiella.pneumonia..RDA.R._25_TSB_Bae, Y.M., Zheng, L., Hyun, J.E., Jung, K.S., Heu, S. and Lee, S.Y., 2014. Growth characteristics and biofilm formation of various spoilage bacteria isolated from fresh produce. Journal of food science, 79(10), pp.M2072-M2080.",OD_595,-0.0002352195759569951,0.03979583329063301,-1.4337154749572487,0.1555427647847164,-35.3920979435059
"Klebsiella.pneumonia..RDA.R._35_TSB_Bae, Y.M., Zheng, L., Hyun, J.E., Jung, K.S., Heu, S. and Lee, S.Y., 2014. Growth characteristics and biofilm formation of various spoilage bacteria isolated from fresh produce. Journal of food science, 79(10), pp.M2072-M2080.",OD_595,-0.00017727741099582178,0.02940374247431836,-0.9662832007977246,-0.19981572802016423,-32.85048102590204
"Klebsiella.pneumonia..RDA.R._5_TSB_Bae, Y.M., Zheng, L., Hyun, J.E., Jung, K.S., Heu, S. and Lee, S.Y., 2014. Growth characteristics and biofilm formation of various spoilage bacteria isolated from fresh produce. Journal of food science, 79(10), pp.M2072-M2080.",OD_595,9.0862327658437e-06,-0.006206454185715505,-4.156441417304974,0.5268680704535746,-337.7202330204073
"Klebsiella.pneumonia_15_TSB_Bae, Y.M., Zheng, L., Hyun, J.E., Jung, K.S., Heu, S. and Lee, S.Y., 2014. Growth characteristics and biofilm formation of various spoilage bacteria isolated from fresh produce. Journal of food science, 79(10), pp.M2072-M2080.",OD_595,-2.0288843616770536e-05,0.01176780620825287,-1.6222048564988443,0.5211393273825846,-96.1961417676171
"Klebsiella.pneumonia_25_TSB_Bae, Y.M., Zheng, L., Hyun, J.E., Jung, K.S., Heu, S. and Lee, S.Y., 2014. Growth characteristics and biofilm formation of various spoilage bacteria isolated from fresh produce. Journal of food science, 79(10), pp.M2072-M2080.",OD_595,-0.00022404719491641052,0.03783171569215516,-1.2711220976631044,0.08443080924060398,-31.684748917661445
"Klebsiella.pneumonia_35_TSB_Bae, Y.M., Zheng, L., Hyun, J.E., Jung, K.S., Heu, S. and Lee, S.Y., 2014. Growth characteristics and biofilm formation of various spoilage bacteria isolated from fresh produce. Journal of food science, 79(10), pp.M2072-M2080.",OD_595,-0.0002489340757962227,0.04039966568940595,-1.1947529356207576,-0.544623441431231,-25.896357251815132
"Klebsiella.pneumonia_5_TSB_Bae, Y.M., Zheng, L., Hyun, J.E., Jung, K.S., Heu, S. and Lee, S.Y., 2014. Growth characteristics and biofilm formation of various spoilage bacteria isolated from fresh produce. Journal of food science, 79(10), pp.M2072-M2080.",OD_595,-9.41503077582967e-06,0.008315200360353242,-2.6141001632702805,0.6883027240138753,-155.70937426947765
"Lactobacillus plantarum_12_MRS broth_Silva, A.P.R.D., Longhi, D.A., Dalcanton, F. and Aragão, G.M.F.D., 2018. Modelling the growth of lactic acid bacteria at different temperatures. Brazilian Archives of Biology and Technology, 61.",OD_595,-7.689184249454211e-05,0.07977105497995808,3.394477038305757,-0.2011164832858514,663.9023992017726
"Lactobacillus plantarum_16_MRS broth_Silva, A.P.R.D., Longhi, D.A., Dalcanton, F. and Aragão, G.M.F.D., 2018. Modelling the growth of lactic acid bacteria at different temperatures. Brazilian Archives of Biology and Technology, 61.",OD_595,-0.0010799015365858188,0.28920340595257554,2.796977946722836,0.370743965258013,732.1240105954578
"Lactobacillus plantarum_20_MRS broth_Silva, A.P.R.D., Longhi, D.A., Dalcanton, F. and Aragão, G.M.F.D., 2018. Modelling the growth of lactic acid bacteria at different temperatures. Brazilian Archives of Biology and Technology, 61.",OD_595,-0.0026298889406248614,0.4552782187557844,2.8374046694408293,0.6575291535227146,653.3526930669185
"Lactobacillus plantarum_30_MRS broth_Silva, A.P.R.D., Longhi, D.A., Dalcanton, F. and Aragão, G.M.F.D., 2018. Modelling the growth of lactic acid bacteria at different temperatures. Brazilian Archives of Biology and Technology, 61.",OD_595,-0.011535719384581757,0.9967677785632651,2.5652258808411146,0.6210949670217538,554.9820885919211
"Lactobacillus plantarum_8_MRS broth_Silva, A.P.R.D., Longhi, D.A., Dalcanton, F. and Aragão, G.M.F.D., 2018. Modelling the growth of lactic acid bacteria at different temperatures. Brazilian Archives of Biology and Technology, 61.",OD_595,-3.425496264923298e-05,0.0199234070428251,3.559667837512786,0.8181618935701128,99.19612465202326
"Lactobacillus sakei_12_MRS broth_Silva, A.P.R.D., Longhi, D.A., Dalcanton, F. and Aragão, G.M.F.D., 2018. Modelling the growth of lactic acid bacteria at different temperatures. Brazilian Archives of Biology and Technology, 61.",OD_595,-0.0009841526268419586,0.2583793886042167,3.1949298785773625,0.42281072816615406,465.7524792332947
"Lactobacillus sakei_16_MRS broth_Silva, A.P.R.D., Longhi, D.A., Dalcanton, F. and Aragão, G.M.F.D., 2018. Modelling the growth of lactic acid bacteria at different temperatures. Brazilian Archives of Biology and Technology, 61.",OD_595,-0.0026634895805516573,0.4316549869666491,4.160508048081575,0.0390808633690819,530.6372211337758
"Lactobacillus sakei_20_MRS broth_Silva, A.P.R.D., Longhi, D.A., Dalcanton, F. and Aragão, G.M.F.D., 2018. Modelling the growth of lactic acid bacteria at different temperatures. Brazilian Archives of Biology and Technology, 61.",OD_595,-0.0067650285853698595,0.6852519514566385,3.967565801092304,0.9028466583857077,468.2480770958312
"Lactobacillus sakei_30_MRS broth_Silva, A.P.R.D., Longhi, D.A., Dalcanton, F. and Aragão, G.M.F.D., 2018. Modelling the growth of lactic acid bacteria at different temperatures. Brazilian Archives of Biology and Technology, 61.",OD_595,-0.02592214596930407,1.365951806092312,3.8098021280671834,0.6833427292407364,405.11206580779975
"Lactobacillus sakei_4_MRS broth_Silva, A.P.R.D., Longhi, D.A., Dalcanton, F. and Aragão, G.M.F.D., 2018. Modelling the growth of lactic acid bacteria at different temperatures. Brazilian Archives of Biology and Technology, 61.",OD_595,-1.664966664604809e-05,0.028953438610933687,3.2775021605540346,0.7504437677296479,167.65205286114858
"Lactobacillus sakei_8_MRS broth_Silva, A.P.R.D., Longhi, D.A., Dalcanton, F. and Aragão, G.M.F.D., 2018. Modelling the growth of lactic acid bacteria at different temperatures. Brazilian Archives of Biology and Technology, 61.",OD_595,-0.00017367379471373875,0.10691235301015804,3.012444447494465,0.6143676967021447,678.2222287921812
"Lactobaciulus plantarum_10_MRS_Zwietering, M.H., De Wit, J.C., Cuppers, H.G.A.M. and Van't Riet, K., 1994. Modeling of bacterial growth with shifts in temperature. Appl. Environ. Microbiol., 60(1), pp.204-213.",OD_595,-0.00012564362646004689,0.06312864086893744,0.10508767524364106,0.5654396910782874,2035.0848175264703
"Lactobaciulus plantarum_15_MRS_Zwietering, M.H., De Wit, J.C., Cuppers, H.G.A.M. and Van't Riet, K., 1994. Modeling of bacterial growth with shifts in temperature. Appl. Environ. Microbiol., 60(1), pp.204-213.",OD_595,-0.0011349583382761215,0.21384664437495315,-0.6398649951799967,0.6047163000211757,1402.6435319988661
"Lactobaciulus plantarum_20_MRS_Zwietering, M.H., De Wit, J.C., Cuppers, H.G.A.M. and Van't Riet, K., 1994. Modeling of bacterial growth with shifts in temperature. Appl. Environ. Microbiol., 60(1), pp.204-213.",OD_595,-0.00462858354314682,0.4385141450797557,-0.9080926504053018,0.857827487425212,1612.2855710073507
"Lactobaciulus plantarum_25_MRS_Zwietering, M.H., De Wit, J.C., Cuppers, H.G.A.M. and Van't Riet, K., 1994. Modeling of bacterial growth with shifts in temperature. Appl. Environ. Microbiol., 60(1), pp.204-213.",OD_595,-0.007733413842395914,0.5647873217670807,-0.043380553962294816,0.10712498618139088,1543.716704628971
"Oscillatoria agardhii Strain 97_15_Z8_Sivonen, K., 1990. Effects of light, temperature, nitrate, orthophosphate, and bacteria on growth of and hepatotoxin production by Oscillatoria agardhii strains. Appl. Environ. Microbiol., 56(9), pp.2658-2666.",OD_595,-4.990207335331593e-06,0.004968143397501143,0.07424756850903598,0.8284496300236207,-5.434590581588276
"Oscillatoria agardhii Strain 97_20_Z8_Sivonen, K., 1990. Effects of light, temperature, nitrate, orthophosphate, and bacteria on growth of and hepatotoxin production by Oscillatoria agardhii strains. Appl. Environ. Microbiol., 56(9), pp.2658-2666.",OD_595,-5.141103532761901e-06,0.005414433165613515,0.038062406731674804,0.9211833930944339,-8.866672998936206
"Oscillatoria agardhii Strain 97_25_Z8_Sivonen, K., 1990. Effects of light, temperature, nitrate, orthophosphate, and bacteria on growth of and hepatotoxin production by Oscillatoria agardhii strains. Appl. Environ. Microbiol., 56(9), pp.2658-2666.",OD_595,-6.116953332299914e-06,0.006556400444413461,0.04891271967665123,0.9498266204198116,-5.58737551902513
"Oscillatoria agardhii Strain 97_30_Z8_Sivonen, K., 1990. Effects of light, temperature, nitrate, orthophosphate, and bacteria on growth of and hepatotoxin production by Oscillatoria agardhii strains. Appl. Environ. Microbiol., 56(9), pp.2658-2666.",OD_595,-1.3255481843439784e-05,0.007239758577760289,0.11647808303804488,0.9749968788650495,-21.380899200900178
"Oscillatoria agardhii StrainCYA 128_15_Z8_Sivonen, K., 1990. Effects of light, temperature, nitrate, orthophosphate, and bacteria on growth of and hepatotoxin production by Oscillatoria agardhii strains. Appl. Environ. Microbiol., 56(9), pp.2658-2666.",OD_595,-2.4478425291545315e-06,0.002666413719966587,0.5484026232148269,0.8600900905226955,-13.262542919029706
"Oscillatoria agardhii StrainCYA 128_20_Z8_Sivonen, K., 1990. Effects of light, temperature, nitrate, orthophosphate, and bacteria on growth of and hepatotoxin production by Oscillatoria agardhii strains. Appl. Environ. Microbiol., 56(9), pp.2658-2666.",OD_595,-3.2629176450054656e-06,0.0034627831073542684,0.4959038646036005,0.7909251352338402,-5.0707048991612
"Oscillatoria agardhii StrainCYA 128_25_Z8_Sivonen, K., 1990. Effects of light, temperature, nitrate, orthophosphate, and bacteria on growth of and hepatotoxin production by Oscillatoria agardhii strains. Appl. Environ. Microbiol., 56(9), pp.2658-2666.",OD_595,-3.2743235089562188e-06,0.004049084509913786,0.5448952138445378,0.9830305876456042,-17.705847152576904
"Oscillatoria agardhii StrainCYA 128_30_Z8_Sivonen, K., 1990. Effects of light, temperature, nitrate, orthophosphate, and bacteria on growth of and hepatotoxin production by Oscillatoria agardhii strains. Appl. Environ. Microbiol., 56(9), pp.2658-2666.",OD_595,-5.3617745941943644e-06,0.004760626777417108,0.6014688845142645,0.9269597820227723,-9.116063560916274
"Pantoea.agglomerans..RDA.R._15_TSB_Bae, Y.M., Zheng, L., Hyun, J.E., Jung, K.S., Heu, S. and Lee, S.Y., 2014. Growth characteristics and biofilm formation of various spoilage bacteria isolated from fresh produce. Journal of food science, 79(10), pp.M2072-M2080.",OD_595,-4.5225373588312156e-05,0.024346905413204764,-3.607147998761084,-0.6357808360165864,-58.83422147600005
"Pantoea.agglomerans..RDA.R._25_TSB_Bae, Y.M., Zheng, L., Hyun, J.E., Jung, K.S., Heu, S. and Lee, S.Y., 2014. Growth characteristics and biofilm formation of various spoilage bacteria isolated from fresh produce. Journal of food science, 79(10), pp.M2072-M2080.",OD_595,-0.000490447032901737,0.08161184766566326,-3.3205490173956553,0.13617075326127626,-41.98737171721856
"Pantoea.agglomerans..RDA.R._35_TSB_Bae, Y.M., Zheng, L., Hyun, J.E., Jung, K.S., Heu, S. and Lee, S.Y., 2014. Growth characteristics and biofilm formation of various spoilage bacteria isolated from fresh produce. Journal of food science, 79(10), pp.M2072-M2080.",OD_595,-0.00039012481848331996,0.060326541391188725,-2.594255038502834,-0.5392395601758107,-36.38607724118337
"Pantoea.agglomerans..RDA.R._5_TSB_Bae, Y.M., Zheng, L., Hyun, J.E., Jung, K.S., Heu, S. and Lee, S.Y., 2014. Growth characteristics and biofilm formation of various spoilage bacteria isolated from fresh produce. Journal of food science, 79(10), pp.M2072-M2080.",OD_595,-2.0475028601940514e-05,0.01803618099909194,-4.435868958464984,0.16417842837677843,-108.60749529405636
"Pantoea.agglomerans.1_15_TSB_Bae, Y.M., Zheng, L., Hyun, J.E., Jung, K.S., Heu, S. and Lee, S.Y., 2014. Growth characteristics and biofilm formation of various spoilage bacteria isolated from fresh produce. Journal of food science, 79(10), pp.M2072-M2080.",OD_595,-2.7173747769265178e-05,0.014027495127877808,-2.3141309844829667,-0.09630014767499961,-75.80619334526867
"Pantoea.agglomerans.1_25_TSB_Bae, Y.M., Zheng, L., Hyun, J.E., Jung, K.S., Heu, S. and Lee, S.Y., 2014. Growth characteristics and biofilm formation of various spoilage bacteria isolated from fresh produce. Journal of food science, 79(10), pp.M2072-M2080.",OD_595,-0.00027891343853338787,0.06654763003467336,-3.8959879277522527,0.8339096254776861,-62.52483151494057
"Pantoea.agglomerans.1_35_TSB_Bae, Y.M., Zheng, L., Hyun, J.E., Jung, K.S., Heu, S. and Lee, S.Y., 2014. Growth characteristics and biofilm formation of various spoilage bacteria isolated from fresh produce. Journal of food science, 79(10), pp.M2072-M2080.",OD_595,-0.0005004649386751664,0.08151365257704152,-3.123315846620342,-0.03593407422607653,-37.45442241021068
"Pantoea.agglomerans.1_5_TSB_Bae, Y.M., Zheng, L., Hyun, J.E., Jung, K.S., Heu, S. and Lee, S.Y., 2014. Growth characteristics and biofilm formation of various spoilage bacteria isolated from fresh produce. Journal of food science, 79(10), pp.M2072-M2080.",OD_595,-1.5865614129233922e-05,0.01334308328847994,-3.18474074722388,-0.250206376456674,-99.91631283683088
"Pantoea.agglomerans.2_15_TSB_Bae, Y.M., Zheng, L., Hyun, J.E., Jung, K.S., Heu, S. and Lee, S.Y., 2014. Growth characteristics and biofilm formation of various spoilage bacteria isolated from fresh produce. Journal of food science, 79(10), pp.M2072-M2080.",OD_595,-2.4096618321533427e-05,0.011695730851727947,-2.3115243414121593,-0.15072689060972344,-72.8483750536517
"Pantoea.agglomerans.2_25_TSB_Bae, Y.M., Zheng, L., Hyun, J.E., Jung, K.S., Heu, S. and Lee, S.Y., 2014. Growth characteristics and biofilm formation of various spoilage bacteria isolated from fresh produce. Journal of food science, 79(10), pp.M2072-M2080.",OD_595,-0.00038319687550602183,0.08160808977230251,-4.341688774964565,0.7330665129625096,-56.53954291790202
"Pantoea.agglomerans.2_35_TSB_Bae, Y.M., Zheng, L., Hyun, J.E., Jung, K.S., Heu, S. and Lee, S.Y., 2014. Growth characteristics and biofilm formation of various spoilage bacteria isolated from fresh produce. Journal of food science, 79(10), pp.M2072-M2080.",OD_595,-0.0003943106234431156,0.06079119860294964,-2.5855808539213485,0.06392200329537934,-35.21899683153987
"Pantoea.agglomerans.2_5_TSB_Bae, Y.M., Zheng, L., Hyun, J.E., Jung, K.S., Heu, S. and Lee, S.Y., 2014. Growth characteristics and biofilm formation of various spoilage bacteria isolated from fresh produce. Journal of food science, 79(10), pp.M2072-M2080.",OD_595,-2.2280605890825372e-05,0.01789123927044714,-3.89622435852536,0.2533940914025138,-110.626819496546
"Pectobacterium.carotovorum.subsp..Carotovorum.Pcc2_15_TSB_Bae, Y.M., Zheng, L., Hyun, J.E., Jung, K.S., Heu, S. and Lee, S.Y., 2014. Growth characteristics and biofilm formation of various spoilage bacteria isolated from fresh produce. Journal of food science, 79(10), pp.M2072-M2080.",OD_595,-3.55194569064725e-05,0.020310308685147563,-3.1198860254976446,-1.3189393512831593,-60.831313652250046
"Pectobacterium.carotovorum.subsp..Carotovorum.Pcc2_25_TSB_Bae, Y.M., Zheng, L., Hyun, J.E., Jung, K.S., Heu, S. and Lee, S.Y., 2014. Growth characteristics and biofilm formation of various spoilage bacteria isolated from fresh produce. Journal of food science, 79(10), pp.M2072-M2080.",OD_595,-0.0005844481983977963,0.12314337607081065,-6.5800398296742415,0.7898749803780364,-66.13148578537896
"Pectobacterium.carotovorum.subsp..Carotovorum.Pcc2_35_TSB_Bae, Y.M., Zheng, L., Hyun, J.E., Jung, K.S., Heu, S. and Lee, S.Y., 2014. Growth characteristics and biofilm formation of various spoilage bacteria isolated from fresh produce. Journal of food science, 79(10), pp.M2072-M2080.",OD_595,-0.0004290157409868227,0.0603943400410841,-2.876419640923872,0.653030072417796,-78.45715095338693
"Pectobacterium.carotovorum.subsp..Carotovorum.Pcc2_5_TSB_Bae, Y.M., Zheng, L., Hyun, J.E., Jung, K.S., Heu, S. and Lee, S.Y., 2014. Growth characteristics and biofilm formation of various spoilage bacteria isolated from fresh produce. Journal of food science, 79(10), pp.M2072-M2080.",OD_595,1.030368253061453e-05,-0.0035531142655622306,-5.453878337777894,0.9607282653232921,-345.769631640956
"Pseudomonas sp._12_APT Broth_Stannard, C.J., Williams, A.P. and Gibbs, P.A., 1985. Temperature/growth relationships for psychrotrophic food-spoilage bacteria. Food Microbiology, 2(2), pp.115-122.",OD_595,-0.002911734247791384,0.45957018466457833,-4.537757728136936,0.1934893787141404,178.96060161009814
"Pseudomonas sp._15_APT Broth_Stannard, C.J., Williams, A.P. and Gibbs, P.A., 1985. Temperature/growth relationships for psychrotrophic food-spoilage bacteria. Food Microbiology, 2(2), pp.115-122.",OD_595,-0.0023382192645008625,0.3621936459188933,-0.19410254609368385,0.607315798487948,180.757727454269
"Pseudomonas sp._2_APT Broth_Stannard, C.J., Williams, A.P. and Gibbs, P.A., 1985. Temperature/growth relationships for psychrotrophic food-spoilage bacteria. Food Microbiology, 2(2), pp.115-122.",OD_595,-7.159042893667159e-05,0.061694104321994375,0.13378116700125203,0.9975732380915612,116.40141865872062
"Pseudomonas spp._10_Cooked Chicken Breast_Galarz, L.A., Fonseca, G.G. and Prentice, C., 2016. Predicting bacterial growth in raw, salted, and cooked chicken breast fillets during storage. Food Science and Technology International, 22(6), pp.461-474.",OD_595,-0.0004182479669242672,0.1439564015205322,-4.282312653044214,0.9059838499559025,136.5135933763979
"Pseudomonas spp._10_Raw Chicken Breast_Galarz, L.A., Fonseca, G.G. and Prentice, C., 2016. Predicting bacterial growth in raw, salted, and cooked chicken breast fillets during storage. Food Science and Technology International, 22(6), pp.461-474.",OD_595,-0.00020847024104063218,0.08956372303351687,-1.8488311113809728,0.9159603747989977,143.3365638724481
"Pseudomonas spp._10_Salted Chicken Breast_Galarz, L.A., Fonseca, G.G. and Prentice, C., 2016. Predicting bacterial growth in raw, salted, and cooked chicken breast fillets during storage. Food Science and Technology International, 22(6), pp.461-474.",OD_595,-0.00020699529818204052,0.08149144763837267,-1.7629953702103778,0.8930543892510856,111.33793963565462
"Pseudomonas spp._15_Cooked Chicken Breast_Galarz, L.A., Fonseca, G.G. and Prentice, C., 2016. Predicting bacterial growth in raw, salted, and cooked chicken breast fillets during storage. Food Science and Technology International, 22(6), pp.461-474.",OD_595,-0.0007550190177026478,0.1755985829901142,-1.485104111435195,0.9673192335205368,150.13763388274458
"Pseudomonas spp._15_Raw Chicken Breast_Galarz, L.A., Fonseca, G.G. and Prentice, C., 2016. Predicting bacterial growth in raw, salted, and cooked chicken breast fillets during storage. Food Science and Technology International, 22(6), pp.461-474.",OD_595,-0.0004051288701116294,0.12972831636213492,-1.061117646239654,0.9022050339160255,160.8367913614381
"Pseudomonas spp._15_Salted Chicken Breast_Galarz, L.A., Fonseca, G.G. and Prentice, C., 2016. Predicting bacterial growth in raw, salted, and cooked chicken breast fillets during storage. Food Science and Technology International, 22(6), pp.461-474.",OD_595,-0.0003060545258946922,0.1008720282319351,-0.6444436243218904,0.9765826316871298,102.56076230033823
"Pseudomonas spp._20_Cooked Chicken Breast_Galarz, L.A., Fonseca, G.G. and Prentice, C., 2016. Predicting bacterial growth in raw, salted, and cooked chicken breast fillets during storage. Food Science and Technology International, 22(6), pp.461-474.",OD_595,-0.0009742869474667362,0.23937782009474773,-1.9333926645824562,0.875844520908019,110.03868622734382
"Pseudomonas spp._20_Raw Chicken Breast_Galarz, L.A., Fonseca, G.G. and Prentice, C., 2016. Predicting bacterial growth in raw, salted, and cooked chicken breast fillets during storage. Food Science and Technology International, 22(6), pp.461-474.",OD_595,-0.0009031328414753864,0.20189325826812582,-0.8037607931402674,0.9594123882540847,108.7799984830024
"Pseudomonas spp._20_Salted Chicken Breast_Galarz, L.A., Fonseca, G.G. and Prentice, C., 2016. Predicting bacterial growth in raw, salted, and cooked chicken breast fillets during storage. Food Science and Technology International, 22(6), pp.461-474.",OD_595,-0.0012261226697204528,0.22428855061544337,-2.2852391675939834,0.9371061434207437,72.38806404689488
"Pseudomonas spp._2_Cooked Chicken Breast_Galarz, L.A., Fonseca, G.G. and Prentice, C., 2016. Predicting bacterial growth in raw, salted, and cooked chicken breast fillets during storage. Food Science and Technology International, 22(6), pp.461-474.",OD_595,-1.0829761519445131e-05,0.02282764660921291,-1.8302275015160108,0.6713552856352338,129.80844995268603
"Pseudomonas spp._2_Raw Chicken Breast_Galarz, L.A., Fonseca, G.G. and Prentice, C., 2016. Predicting bacterial growth in raw, salted, and cooked chicken breast fillets during storage. Food Science and Technology International, 22(6), pp.461-474.",OD_595,-3.2017831577024975e-05,0.0332738956080962,-2.2538963091199933,0.952654798353466,88.44396026365233
"Pseudomonas spp._2_Salted Chicken Breast_Galarz, L.A., Fonseca, G.G. and Prentice, C., 2016. Predicting bacterial growth in raw, salted, and cooked chicken breast fillets during storage. Food Science and Technology International, 22(6), pp.461-474.",OD_595,-2.047893620595489e-05,0.02417312723006246,-1.139758416195687,0.836165775131369,94.33793204555818
"Pseudomonas spp._4_Cooked Chicken Breast_Galarz, L.A., Fonseca, G.G. and Prentice, C., 2016. Predicting bacterial growth in raw, salted, and cooked chicken breast fillets during storage. Food Science and Technology International, 22(6), pp.461-474.",OD_595,-6.61912980660015e-05,0.06200850295438777,-7.296223603476555,0.8178855037519158,68.47361586909061
"Pseudomonas spp._4_Raw Chicken Breast_Galarz, L.A., Fonseca, G.G. and Prentice, C., 2016. Predicting bacterial growth in raw, salted, and cooked chicken breast fillets during storage. Food Science and Technology International, 22(6), pp.461-474.",OD_595,-4.792495151616329e-05,0.04409162141920243,-2.8971975288573435,0.98699148537541,63.468210689559164
"Pseudomonas spp._4_Salted Chicken Breast_Galarz, L.A., Fonseca, G.G. and Prentice, C., 2016. Predicting bacterial growth in raw, salted, and cooked chicken breast fillets during storage. Food Science and Technology International, 22(6), pp.461-474.",OD_595,-4.561415190914296e-05,0.03857422359692054,-3.0081594458689445,0.8928746265384278,48.80656089055167
"Pseudomonas spp._7_Cooked Chicken Breast_Galarz, L.A., Fonseca, G.G. and Prentice, C., 2016. Predicting bacterial growth in raw, salted, and cooked chicken breast fillets during storage. Food Science and Technology International, 22(6), pp.461-474.",OD_595,5.0512669576065356e-05,0.01021750624552046,-0.6464163944933112,-1.005472158576564,160.8657196197066
"Pseudomonas spp._7_Raw Chicken Breast_Galarz, L.A., Fonseca, G.G. and Prentice, C., 2016. Predicting bacterial growth in raw, salted, and cooked chicken breast fillets during storage. Food Science and Technology International, 22(6), pp.461-474.",OD_595,-0.00013976716035260896,0.08399375388887054,-6.342061613764614,0.8971947437163781,92.73225851457234
"Pseudomonas spp._7_Salted Chicken Breast_Galarz, L.A., Fonseca, G.G. and Prentice, C., 2016. Predicting bacterial growth in raw, salted, and cooked chicken breast fillets during storage. Food Science and Technology International, 22(6), pp.461-474.",OD_595,-8.564033126728202e-05,0.05730619235402615,-4.034681500027195,0.8786913872247253,82.54920767704338
"Pseudomonas.fluorescens.1_15_TSB_Bae, Y.M., Zheng, L., Hyun, J.E., Jung, K.S., Heu, S. and Lee, S.Y., 2014. Growth characteristics and biofilm formation of various spoilage bacteria isolated from fresh produce. Journal of food science, 79(10), pp.M2072-M2080.",OD_595,-3.5415209772489844e-05,0.019505884119636368,-3.806763481325997,-0.10217473824268763,-105.21799627474755
"Pseudomonas.fluorescens.1_25_TSB_Bae, Y.M., Zheng, L., Hyun, J.E., Jung, K.S., Heu, S. and Lee, S.Y., 2014. Growth characteristics and biofilm formation of various spoilage bacteria isolated from fresh produce. Journal of food science, 79(10), pp.M2072-M2080.",OD_595,-0.00036081093369198417,0.06002518812809437,-3.65176079744751,0.7667248391215541,-78.72370968088009
"Pseudomonas.fluorescens.1_35_TSB_Bae, Y.M., Zheng, L., Hyun, J.E., Jung, K.S., Heu, S. and Lee, S.Y., 2014. Growth characteristics and biofilm formation of various spoilage bacteria isolated from fresh produce. Journal of food science, 79(10), pp.M2072-M2080.",OD_595,-0.0003186193753761964,0.05571275823683914,-3.618554099994159,0.5060111789645829,-98.0545927811543
"Pseudomonas.fluorescens.1_5_TSB_Bae, Y.M., Zheng, L., Hyun, J.E., Jung, K.S., Heu, S. and Lee, S.Y., 2014. Growth characteristics and biofilm formation of various spoilage bacteria isolated from fresh produce. Journal of food science, 79(10), pp.M2072-M2080.",OD_595,-1.5699277564913548e-05,0.013335143991403597,-3.918365307528949,0.4660119196657042,-154.64739451425083
"Pseudomonas.fluorescens.2_15_TSB_Bae, Y.M., Zheng, L., Hyun, J.E., Jung, K.S., Heu, S. and Lee, S.Y., 2014. Growth characteristics and biofilm formation of various spoilage bacteria isolated from fresh produce. Journal of food science, 79(10), pp.M2072-M2080.",OD_595,-2.6327543887128007e-05,0.015494671296646681,-3.2812089539660128,0.24677316131617266,-113.92705921652923
"Pseudomonas.fluorescens.2_25_TSB_Bae, Y.M., Zheng, L., Hyun, J.E., Jung, K.S., Heu, S. and Lee, S.Y., 2014. Growth characteristics and biofilm formation of various spoilage bacteria isolated from fresh produce. Journal of food science, 79(10), pp.M2072-M2080.",OD_595,-0.0002749021147133037,0.05275557720555605,-3.3777033691560714,0.6980775976717384,-59.464411699791555
"Pseudomonas.fluorescens.2_35_TSB_Bae, Y.M., Zheng, L., Hyun, J.E., Jung, K.S., Heu, S. and Lee, S.Y., 2014. Growth characteristics and biofilm formation of various spoilage bacteria isolated from fresh produce. Journal of food science, 79(10), pp.M2072-M2080.",OD_595,-0.0002486559786840697,0.040023909996456164,-2.7306490078930126,0.4269514673936403,-78.46951759113179
"Pseudomonas.fluorescens.2_5_TSB_Bae, Y.M., Zheng, L., Hyun, J.E., Jung, K.S., Heu, S. and Lee, S.Y., 2014. Growth characteristics and biofilm formation of various spoilage bacteria isolated from fresh produce. Journal of food science, 79(10), pp.M2072-M2080.",OD_595,-1.6306496366849342e-05,0.01549478566340864,-5.302122445817285,0.9030347587891635,-220.09069668176295
"Salmonella Typhimurium_10_Vacuum Beef Striploins_Gill, C.O. and DeLacy, K.M., 1991. Growth of Escherichia coli and Salmonella typhimurium on high-pH beef packed under vacuum or carbon dioxide. International journal of food microbiology, 13(1), pp.21-30.",OD_595,0.06577132225937059,0.1154258725802612,3.782154957209732,0.9814070584422466,39.71271770547458
"Salmonella Typhimurium_12_C02 Beef Striploins_Gill, C.O. and DeLacy, K.M., 1991. Growth of Escherichia coli and Salmonella typhimurium on high-pH beef packed under vacuum or carbon dioxide. International journal of food microbiology, 13(1), pp.21-30.",OD_595,-0.0003747480880266501,0.2644547079870192,3.506859864925107,0.9138326244021115,54.31575698187323
"Salmonella Typhimurium_12_Vacuum Beef Striploins_Gill, C.O. and DeLacy, K.M., 1991. Growth of Escherichia coli and Salmonella typhimurium on high-pH beef packed under vacuum or carbon dioxide. International journal of food microbiology, 13(1), pp.21-30.",OD_595,-0.025400311922204932,0.9039831507077672,3.323669558380819,0.9888098534007114,52.189412918143674
"Salmonella Typhimurium_15_C02 Beef Striploins_Gill, C.O. and DeLacy, K.M., 1991. Growth of Escherichia coli and Salmonella typhimurium on high-pH beef packed under vacuum or carbon dioxide. International journal of food microbiology, 13(1), pp.21-30.",OD_595,0.013487963019025015,0.6478442028527462,3.649414815144551,0.9774422296988352,73.00061232453066
"Salmonella Typhimurium_20_C02 Beef Striploins_Gill, C.O. and DeLacy, K.M., 1991. Growth of Escherichia coli and Salmonella typhimurium on high-pH beef packed under vacuum or carbon dioxide. International journal of food microbiology, 13(1), pp.21-30.",OD_595,-0.48955974060917057,3.421033682438311,4.225777625069669,0.7292662462971193,91.07839933249998
"Salmonella Typhimurium_30_C02 Beef Striploins_Gill, C.O. and DeLacy, K.M., 1991. Growth of Escherichia coli and Salmonella typhimurium on high-pH beef packed under vacuum or carbon dioxide. International journal of food microbiology, 13(1), pp.21-30.",OD_595,-3.415755983509189,8.097388989089284,3.8773866123774576,0.9233811424129714,96.83361896852043
"Salmonella Typhimurium_30_Vacuum Beef Striploins_Gill, C.O. and DeLacy, K.M., 1991. Growth of Escherichia coli and Salmonella typhimurium on high-pH beef packed under vacuum or carbon dioxide. International journal of food microbiology, 13(1), pp.21-30.",OD_595,-3.431691532818995,8.578128020878031,3.4496511562904457,0.9705497998054479,78.17391905989747
"Salmonella Typhimurium_8_Vacuum Beef Striploins_Gill, C.O. and DeLacy, K.M., 1991. Growth of Escherichia coli and Salmonella typhimurium on high-pH beef packed under vacuum or carbon dioxide. International journal of food microbiology, 13(1), pp.21-30.",OD_595,0.08925984800760194,-0.4349840361600663,4.109212420001207,0.9604322676615831,29.823264547771657
"Spoilage_10_C02 Beef Striploins_Gill, C.O. and DeLacy, K.M., 1991. Growth of Escherichia coli and Salmonella typhimurium on high-pH beef packed under vacuum or carbon dioxide. International journal of food microbiology, 13(1), pp.21-30.",OD_595,-0.010628669980244133,0.5487385247552068,4.848520318526015,0.7864937374718539,146.5447914823327
"Spoilage_10_Vacuum Beef Striploins_Gill, C.O. and DeLacy, K.M., 1991. Growth of Escherichia coli and Salmonella typhimurium on high-pH beef packed under vacuum or carbon dioxide. International journal of food microbiology, 13(1), pp.21-30.",OD_595,-0.16453848296220897,1.735950811623278,4.926304028285639,0.9951103035807288,76.22640244642864
"Spoilage_12_C02 Beef Striploins_Gill, C.O. and DeLacy, K.M., 1991. Growth of Escherichia coli and Salmonella typhimurium on high-pH beef packed under vacuum or carbon dioxide. International journal of food microbiology, 13(1), pp.21-30.",OD_595,-0.07516485655227295,1.4345755322421554,2.755264761189972,0.9035527613184637,110.20487288275943
"Spoilage_12_Vacuum Beef Striploins_Gill, C.O. and DeLacy, K.M., 1991. Growth of Escherichia coli and Salmonella typhimurium on high-pH beef packed under vacuum or carbon dioxide. International journal of food microbiology, 13(1), pp.21-30.",OD_595,-0.033051134627213784,1.3828973761200765,3.7341713639976692,0.9191380719442592,94.62998670510899
"Spoilage_15_C02 Beef Striploins_Gill, C.O. and DeLacy, K.M., 1991. Growth of Escherichia coli and Salmonella typhimurium on high-pH beef packed under vacuum or carbon dioxide. International journal of food microbiology, 13(1), pp.21-30.",OD_595,0.08431164749650961,0.26846884026904344,4.552448770138736,0.9745490503705756,88.63034966277648
"Spoilage_20_C02 Beef Striploins_Gill, C.O. and DeLacy, K.M., 1991. Growth of Escherichia coli and Salmonella typhimurium on high-pH beef packed under vacuum or carbon dioxide. International journal of food microbiology, 13(1), pp.21-30.",OD_595,0.6832890320584114,0.6039660270451067,5.263079650451967,0.9900559633305905,67.88243428323446
"Spoilage_30_C02 Beef Striploins_Gill, C.O. and DeLacy, K.M., 1991. Growth of Escherichia coli and Salmonella typhimurium on high-pH beef packed under vacuum or carbon dioxide. International journal of food microbiology, 13(1), pp.21-30.",OD_595,0.553599536695344,2.257749111890838,4.4222611831061895,0.9936426535043478,76.01797745999508
"Spoilage_8_Vacuum Beef Striploins_Gill, C.O. and DeLacy, K.M., 1991. Growth of Escherichia coli and Salmonella typhimurium on high-pH beef packed under vacuum or carbon dioxide. International journal of food microbiology, 13(1), pp.21-30.",OD_595,-0.05610036110165442,1.2913431583264536,4.175148107045762,0.9194178571275528,109.6664451914976
"Staphylococcus spp._10_Cooked Chicken Breast_Galarz, L.A., Fonseca, G.G. and Prentice, C., 2016. Predicting bacterial growth in raw, salted, and cooked chicken breast fillets during storage. Food Science and Technology International, 22(6), pp.461-474.",OD_595,-0.00018488924112356394,0.07812912377226044,-2.094003702437924,0.944299015064474,94.13280352161877
"Staphylococcus spp._10_Raw Chicken Breast_Galarz, L.A., Fonseca, G.G. and Prentice, C., 2016. Predicting bacterial growth in raw, salted, and cooked chicken breast fillets during storage. Food Science and Technology International, 22(6), pp.461-474.",OD_595,-0.00013305531139278415,0.07674009717763915,-2.004368192292529,0.594790775875131,138.24230528625844
"Staphylococcus spp._10_Salted Chicken Breast_Galarz, L.A., Fonseca, G.G. and Prentice, C., 2016. Predicting bacterial growth in raw, salted, and cooked chicken breast fillets during storage. Food Science and Technology International, 22(6), pp.461-474.",OD_595,-0.00018431639535702646,0.08030298594662966,-1.1132334417662504,0.8969619882141863,144.7944492595912
"Staphylococcus spp._15_Cooked Chicken Breast_Galarz, L.A., Fonseca, G.G. and Prentice, C., 2016. Predicting bacterial growth in raw, salted, and cooked chicken breast fillets during storage. Food Science and Technology International, 22(6), pp.461-474.",OD_595,-0.0005307784750420824,0.14862554635279443,-2.7597409048645094,0.9930735783646597,92.07471873142812
"Staphylococcus spp._15_Raw Chicken Breast_Galarz, L.A., Fonseca, G.G. and Prentice, C., 2016. Predicting bacterial growth in raw, salted, and cooked chicken breast fillets during storage. Food Science and Technology International, 22(6), pp.461-474.",OD_595,-0.00039478573162651814,0.12491949220317344,-2.14546707461038,0.9795340292878123,77.63050017583383
"Staphylococcus spp._15_Salted Chicken Breast_Galarz, L.A., Fonseca, G.G. and Prentice, C., 2016. Predicting bacterial growth in raw, salted, and cooked chicken breast fillets during storage. Food Science and Technology International, 22(6), pp.461-474.",OD_595,-0.00015547941633044948,0.08903632976781321,-0.39306249712553265,0.5598876909134138,159.0873779791845
"Staphylococcus spp._20_Cooked Chicken Breast_Galarz, L.A., Fonseca, G.G. and Prentice, C., 2016. Predicting bacterial growth in raw, salted, and cooked chicken breast fillets during storage. Food Science and Technology International, 22(6), pp.461-474.",OD_595,-0.0004475281353490805,0.17319440772921607,-1.0992989522016987,0.9609492398611298,95.54695701780057
"Staphylococcus spp._20_Raw Chicken Breast_Galarz, L.A., Fonseca, G.G. and Prentice, C., 2016. Predicting bacterial growth in raw, salted, and cooked chicken breast fillets during storage. Food Science and Technology International, 22(6), pp.461-474.",OD_595,-0.0005673322066364593,0.16599108882499738,-0.3462733612106265,0.8423757071611742,94.1036985187003
"Staphylococcus spp._20_Salted Chicken Breast_Galarz, L.A., Fonseca, G.G. and Prentice, C., 2016. Predicting bacterial growth in raw, salted, and cooked chicken breast fillets during storage. Food Science and Technology International, 22(6), pp.461-474.",OD_595,5.925373457255052e-05,0.13271591667530375,-0.4851463525882315,0.9898284228466078,84.6308181890869
"Staphylococcus spp._2_Cooked Chicken Breast_Galarz, L.A., Fonseca, G.G. and Prentice, C., 2016. Predicting bacterial growth in raw, salted, and cooked chicken breast fillets during storage. Food Science and Technology International, 22(6), pp.461-474.",OD_595,-1.4731912832647986e-05,0.01658650262135319,-1.5049760051124619,0.8029980016133547,34.38412487168729
"Staphylococcus spp._2_Raw Chicken Breast_Galarz, L.A., Fonseca, G.G. and Prentice, C., 2016. Predicting bacterial growth in raw, salted, and cooked chicken breast fillets during storage. Food Science and Technology International, 22(6), pp.461-474.",OD_595,-1.49965826702034e-06,0.016639599270952463,-1.9295122530159734,0.8355156626919096,90.18852035727609
"Staphylococcus spp._2_Salted Chicken Breast_Galarz, L.A., Fonseca, G.G. and Prentice, C., 2016. Predicting bacterial growth in raw, salted, and cooked chicken breast fillets during storage. Food Science and Technology International, 22(6), pp.461-474.",OD_595,-1.5681716990200696e-06,0.014474553259373598,-1.1520259801390822,0.9120864335393708,87.98905160416282
"Staphylococcus spp._4_Cooked Chicken Breast_Galarz, L.A., Fonseca, G.G. and Prentice, C., 2016. Predicting bacterial growth in raw, salted, and cooked chicken breast fillets during storage. Food Science and Technology International, 22(6), pp.461-474.",OD_595,-4.5834602117849946e-05,0.04529240541570023,-5.317726261870857,0.8397575375579514,60.034929898930145
"Staphylococcus spp._4_Raw Chicken Breast_Galarz, L.A., Fonseca, G.G. and Prentice, C., 2016. Predicting bacterial growth in raw, salted, and cooked chicken breast fillets during storage. Food Science and Technology International, 22(6), pp.461-474.",OD_595,-1.6219772477426275e-05,0.02307335809631877,-2.0273097705270637,0.8951171019332241,63.84256269466134
"Staphylococcus spp._4_Salted Chicken Breast_Galarz, L.A., Fonseca, G.G. and Prentice, C., 2016. Predicting bacterial growth in raw, salted, and cooked chicken breast fillets during storage. Food Science and Technology International, 22(6), pp.461-474.",OD_595,-3.976227311492461e-05,0.03984206407644038,-3.939246734025197,0.9606862535730768,48.58446169229585
"Staphylococcus spp._7_Cooked Chicken Breast_Galarz, L.A., Fonseca, G.G. and Prentice, C., 2016. Predicting bacterial growth in raw, salted, and cooked chicken breast fillets during storage. Food Science and Technology International, 22(6), pp.461-474.",OD_595,1.5236542143520069e-05,0.014998523967039885,-1.1283422777353127,-0.04097079129959735,132.7954836760929
"Staphylococcus spp._7_Raw Chicken Breast_Galarz, L.A., Fonseca, G.G. and Prentice, C., 2016. Predicting bacterial growth in raw, salted, and cooked chicken breast fillets during storage. Food Science and Technology International, 22(6), pp.461-474.",OD_595,-5.0253455464217856e-05,0.04409200963229017,-1.1948000302765263,0.561112542170406,173.25857796124947
"Staphylococcus spp._7_Salted Chicken Breast_Galarz, L.A., Fonseca, G.G. and Prentice, C., 2016. Predicting bacterial growth in raw, salted, and cooked chicken breast fillets during storage. Food Science and Technology International, 22(6), pp.461-474.",OD_595,-4.434839149908145e-05,0.044232684818517366,-2.0945425418844126,0.6766433535669417,155.69667857788534
"Stenotrophomonas.maltophilia..RDA.R._15_TSB_Bae, Y.M., Zheng, L., Hyun, J.E., Jung, K.S., Heu, S. and Lee, S.Y., 2014. Growth characteristics and biofilm formation of various spoilage bacteria isolated from fresh produce. Journal of food science, 79(10), pp.M2072-M2080.",OD_595,-2.9648826617505275e-05,0.01755826258735839,-3.7927109796109946,0.13231542588627687,-116.0547775660736
"Stenotrophomonas.maltophilia..RDA.R._25_TSB_Bae, Y.M., Zheng, L., Hyun, J.E., Jung, K.S., Heu, S. and Lee, S.Y., 2014. Growth characteristics and biofilm formation of various spoilage bacteria isolated from fresh produce. Journal of food science, 79(10), pp.M2072-M2080.",OD_595,-0.00035341564928758587,0.06499765822245994,-4.0348799140501415,0.6146276149212184,-68.4515457124855
"Stenotrophomonas.maltophilia..RDA.R._35_TSB_Bae, Y.M., Zheng, L., Hyun, J.E., Jung, K.S., Heu, S. and Lee, S.Y., 2014. Growth characteristics and biofilm formation of various spoilage bacteria isolated from fresh produce. Journal of food science, 79(10), pp.M2072-M2080.",OD_595,-0.00031948070034885034,0.0535145183846741,-3.8094041512535606,0.41474265867402105,-91.60186088810825
"Stenotrophomonas.maltophilia..RDA.R._5_TSB_Bae, Y.M., Zheng, L., Hyun, J.E., Jung, K.S., Heu, S. and Lee, S.Y., 2014. Growth characteristics and biofilm formation of various spoilage bacteria isolated from fresh produce. Journal of food science, 79(10), pp.M2072-M2080.",OD_595,-1.2687396242781935e-05,0.013274959065095293,-5.2544024119095045,0.9729275625549252,-257.48475034877606
"Stenotrophomonas.maltophilia.1_15_TSB_Bae, Y.M., Zheng, L., Hyun, J.E., Jung, K.S., Heu, S. and Lee, S.Y., 2014. Growth characteristics and biofilm formation of various spoilage bacteria isolated from fresh produce. Journal of food science, 79(10), pp.M2072-M2080.",OD_595,-2.762672945025064e-05,0.014589614581561553,-3.2041076916344964,0.30730105504839555,-125.91540417098852
"Stenotrophomonas.maltophilia.1_25_TSB_Bae, Y.M., Zheng, L., Hyun, J.E., Jung, K.S., Heu, S. and Lee, S.Y., 2014. Growth characteristics and biofilm formation of various spoilage bacteria isolated from fresh produce. Journal of food science, 79(10), pp.M2072-M2080.",OD_595,-0.0002819380099662114,0.04627052905594784,-3.083322955718491,0.780819794348132,-87.09963982939782
"Stenotrophomonas.maltophilia.1_35_TSB_Bae, Y.M., Zheng, L., Hyun, J.E., Jung, K.S., Heu, S. and Lee, S.Y., 2014. Growth characteristics and biofilm formation of various spoilage bacteria isolated from fresh produce. Journal of food science, 79(10), pp.M2072-M2080.",OD_595,-0.0002538925153796477,0.0432045083758322,-3.0202413841609896,0.6164787176523241,-86.9495121649831
"Stenotrophomonas.maltophilia.1_5_TSB_Bae, Y.M., Zheng, L., Hyun, J.E., Jung, K.S., Heu, S. and Lee, S.Y., 2014. Growth characteristics and biofilm formation of various spoilage bacteria isolated from fresh produce. Journal of food science, 79(10), pp.M2072-M2080.",OD_595,-1.4421449452734372e-05,0.012733236460211562,-4.0893154768210085,0.6197310016429255,-173.0873942494976
"Stenotrophomonas.maltophilia.2_15_TSB_Bae, Y.M., Zheng, L., Hyun, J.E., Jung, K.S., Heu, S. and Lee, S.Y., 2014. Growth characteristics and biofilm formation of various spoilage bacteria isolated from fresh produce. Journal of food science, 79(10), pp.M2072-M2080.",OD_595,-3.51525363285901e-05,0.018408279920376025,-3.4308156224774486,0.2061829586499928,-109.58175062188789
"Stenotrophomonas.maltophilia.2_25_TSB_Bae, Y.M., Zheng, L., Hyun, J.E., Jung, K.S., Heu, S. and Lee, S.Y., 2014. Growth characteristics and biofilm formation of various spoilage bacteria isolated from fresh produce. Journal of food science, 79(10), pp.M2072-M2080.",OD_595,-0.0003462379122070804,0.06554045518866909,-3.305091750228722,0.7371613363805021,-65.36046027246631
"Stenotrophomonas.maltophilia.2_35_TSB_Bae, Y.M., Zheng, L., Hyun, J.E., Jung, K.S., Heu, S. and Lee, S.Y., 2014. Growth characteristics and biofilm formation of various spoilage bacteria isolated from fresh produce. Journal of food science, 79(10), pp.M2072-M2080.",OD_595,-0.00022308123476955934,0.037393857916266655,-3.067006162145843,0.4047277276646617,-93.45665364533056
"Stenotrophomonas.maltophilia.2_5_TSB_Bae, Y.M., Zheng, L., Hyun, J.E., Jung, K.S., Heu, S. and Lee, S.Y., 2014. Growth characteristics and biofilm formation of various spoilage bacteria isolated from fresh produce. Journal of food science, 79(10), pp.M2072-M2080.",OD_595,-1.2807039419281476e-05,0.012334293469757548,-4.157359258011107,0.9205971313986657,-202.2463811494627
"Tetraselmis tetrahele_16_ESAW_Bernhardt, J.R., Sunday, J.M. and O’Connor, M.I., 2018. Metabolic theory and the temperature-size rule explain the temperature dependence of population carrying capacity. The American naturalist, 192(6), pp.687-697.",OD_595,-6.549951147759833e-06,0.008714248043769609,7.200168571648948,0.19730684782451557,1096.0143358932355
"Tetraselmis tetrahele_25_ESAW_Bernhardt, J.R., Sunday, J.M. and O’Connor, M.I., 2018. Metabolic theory and the temperature-size rule explain the temperature dependence of population carrying capacity. The American naturalist, 192(6), pp.687-697.",OD_595,-2.9386660680340347e-06,0.004491213972332382,7.733983424326942,0.6474652729920715,1017.1717581682084
"Tetraselmis tetrahele_32_ESAW_Bernhardt, J.R., Sunday, J.M. and O’Connor, M.I., 2018. Metabolic theory and the temperature-size rule explain the temperature dependence of population carrying capacity. The American naturalist, 192(6), pp.687-697.",OD_595,-2.4673074135300734e-06,0.0049714642673056334,5.954970534656956,0.46542016973826505,822.4524643313603
"Tetraselmis tetrahele_5_ESAW_Bernhardt, J.R., Sunday, J.M. and O’Connor, M.I., 2018. Metabolic theory and the temperature-size rule explain the temperature dependence of population carrying capacity. The American naturalist, 192(6), pp.687-697.",OD_595,-4.0856747400807425e-06,0.008056541282010297,5.9871320073468715,0.9156628601482019,812.7690529402478
"Tetraselmis tetrahele_8_ESAW_Bernhardt, J.R., Sunday, J.M. and O’Connor, M.I., 2018. Metabolic theory and the temperature-size rule explain the temperature dependence of population carrying capacity. The American naturalist, 192(6), pp.687-697.",OD_595,-6.374300941338641e-06,0.00965337597152239,6.480536174163269,0.7641805492880969,896.2718420589149
"Weissella viridescens_12_MRS broth_Silva, A.P.R.D., Longhi, D.A., Dalcanton, F. and Aragão, G.M.F.D., 2018. Modelling the growth of lactic acid bacteria at different temperatures. Brazilian Archives of Biology and Technology, 61.",OD_595,-0.001069519650733085,0.27243349397818417,3.38884324603678,0.9228891019106912,520.3046524749124
"Weissella viridescens_16_MRS broth_Silva, A.P.R.D., Longhi, D.A., Dalcanton, F. and Aragão, G.M.F.D., 2018. Modelling the growth of lactic acid bacteria at different temperatures. Brazilian Archives of Biology and Technology, 61.",OD_595,-0.002620272000754239,0.4317777410726092,3.1654204602539338,0.8251650699007229,655.4607936968572
"Weissella viridescens_20_MRS broth_Silva, A.P.R.D., Longhi, D.A., Dalcanton, F. and Aragão, G.M.F.D., 2018. Modelling the growth of lactic acid bacteria at different temperatures. Brazilian Archives of Biology and Technology, 61.",OD_595,-0.008388625528483382,0.8068630263327397,2.2766330020936576,0.733561673796069,597.9924700182282
"Weissella viridescens_30_MRS broth_Silva, A.P.R.D., Longhi, D.A., Dalcanton, F. and Aragão, G.M.F.D., 2018. Modelling the growth of lactic acid bacteria at different temperatures. Brazilian Archives of Biology and Technology, 61.",OD_595,-0.024747336429885917,1.344433872271715,3.265826295778798,0.7965832429589259,512.9168272314441
"Weissella viridescens_4_MRS broth_Silva, A.P.R.D., Longhi, D.A., Dalcanton, F. and Aragão, G.M.F.D., 2018. Modelling the growth of lactic acid bacteria at different temperatures. Brazilian Archives of Biology and Technology, 61.",OD_595,-8.729215750726945e-06,0.025042691227014555,3.330387879259361,0.9972325589447463,140.8425838760661
"Weissella viridescens_8_MRS broth_Silva, A.P.R.D., Longhi, D.A., Dalcanton, F. and Aragão, G.M.F.D., 2018. Modelling the growth of lactic acid bacteria at different temperatures. Brazilian Archives of Biology and Technology, 61.",OD_595,-0.00015590479059580893,0.10215940271198845,3.086996795865426,0.9823469023173316,672.9197742987822
